event_name,event_date,event_status
"Service Learning and Campus Journalism Dialogue",2023-10-30,Completed
"Athletics Congress",2023-01-16,Completed
"Alumni Engagement and STEM Camp",2023-11-28,Completed
"Academic Excellence and Sustainability Seminar",2026-05-07,Upcoming
"Student Government and Teacher Training Assembly",2023-08-08,Completed
"Community Academic Excellence Symposium",2026-09-27,Upcoming
"Sustainability Expo",2024-03-21,Completed
"Service Learning Series",2024-09-22,Completed
"Media Production Camp",2025-09-05,Completed
"Science Education Fair",2023-05-08,Completed
"University-Wide Data Analytics Fair",2023-08-13,Completed
"Service Learning and Media Production Bootcamp",2024-08-28,Completed
"Career Development and Digital Literacy Learning Session",2025-09-08,Completed
"Arts and Culture and STEM Showcase",2026-03-19,Completed
"Arts and Culture Forum",2023-08-26,Completed
"Teaching Excellence Assembly",2025-03-25,Completed
"Interdepartmental Inclusive Education Fair",2025-11-26,Completed
"Campus Journalism Assembly",2023-11-15,Completed
"Sustainability and Service Learning Workshop",2026-07-11,Upcoming
"Business Management and Sustainability Expo",2024-01-06,Completed
"Psychology and Teaching Excellence Fair",2026-10-24,Upcoming
"University-Wide Cybersecurity Workshop",2024-09-28,Completed
"University-Wide Sustainability Summit",2025-04-18,Completed
"Volunteerism and Innovation Training",2026-07-22,Upcoming
"Disaster Preparedness Colloquium",2025-03-18,Completed
"Entrepreneurship Learning Session",2024-09-21,Completed
"Service Learning and Arts and Culture Workshop",2026-04-03,Completed
"Debate and Health Awareness Congress",2024-08-22,Completed
"Faculty Disaster Preparedness Series",2024-08-01,Completed
"Inclusive Wellness Seminar",2026-06-16,Upcoming
"Financial Literacy and Disaster Preparedness Conference",2026-12-13,Upcoming
"Teacher Training and Business Management Symposium",2026-01-13,Completed
"Student Government and Media Production Seminar",2023-11-16,Completed
"Research Series",2025-04-05,Completed
"Environmental Awareness Workshop",2024-03-11,Completed
"Career Development and Disaster Preparedness Assembly",2025-04-23,Completed
"Campus Journalism and Cybersecurity Forum",2024-11-09,Completed
"Creative Hospitality Camp",2025-12-21,Completed
"College Disaster Preparedness Symposium",2024-03-11,Completed
"Career Development Colloquium",2026-12-22,Upcoming
"Applied Research Workshop",2023-10-15,Completed
"Alumni Engagement and Nursing Care Fair",2024-10-16,Completed
"Annual Student Government Bootcamp",2025-12-14,Completed
"Digital Literacy and Arts and Culture Expo",2023-04-02,Completed
"Interdepartmental Environmental Awareness Forum",2026-02-10,Completed
"Faculty Inclusive Education Learning Session",2026-10-15,Upcoming
"Community Outreach Congress",2026-09-05,Upcoming
"Volunteerism and Disaster Preparedness Showcase",2026-07-19,Upcoming
"Engineering Design and Mental Health Colloquium",2025-06-20,Completed
"Campus Data Analytics Bootcamp",2026-01-02,Completed
"Future-Ready Science Education Conference",2026-05-12,Upcoming
"College Career Development Mentoring Day",2024-01-15,Completed
"Faculty Language and Literature Forum",2024-01-30,Completed
"Regional Innovation Series",2026-11-04,Upcoming
"Student Government and Language and Literature Showcase",2026-12-26,Upcoming
"Young Leaders Nursing Care Forum",2024-11-23,Completed
"Innovation and Nursing Care Expo",2024-01-15,Completed
"Data Analytics and Teaching Excellence Learning Session",2023-10-20,Completed
"Innovation and Service Learning Forum",2026-01-16,Completed
"Cybersecurity Conference",2024-11-19,Completed
"Campus Tourism Learning Session",2025-04-06,Completed
"Entrepreneurship and Health Awareness Learning Session",2026-10-25,Upcoming
"Robotics Fair",2024-07-11,Completed
"Tourism and Hospitality Training",2024-11-26,Completed
"Regional Digital Literacy Summit",2026-11-02,Upcoming
"Alumni Engagement Orientation",2026-02-14,Completed
"Future-Ready Language and Literature Showcase",2023-09-20,Completed
"Mental Health and Engineering Design Training",2024-05-28,Completed
"Teaching Excellence and Data Analytics Assembly",2026-02-04,Completed
"Research Congress",2023-08-14,Completed
"Faculty Entrepreneurship Showcase",2023-03-14,Completed
"Future-Ready Athletics Learning Session",2023-05-19,Completed
"Faculty Academic Excellence Learning Session",2024-03-14,Completed
"Teaching Excellence Bootcamp",2024-09-28,Completed
"Industry-Academe Financial Literacy Seminar",2024-02-26,Completed
"Mental Health and Wellness Assembly",2024-08-24,Completed
"Community Outreach Summit",2024-05-31,Completed
"Nursing Care Conference",2024-08-31,Completed
"Regional Inclusive Education Training",2025-07-31,Completed
"Teaching Excellence Seminar",2026-07-13,Upcoming
"Nursing Care and Campus Journalism Camp",2023-02-18,Completed
"Psychology and Science Education Series",2023-02-16,Completed
"Digital Literacy and Leadership Colloquium",2026-09-12,Upcoming
"Community Leadership Dialogue",2026-07-04,Upcoming
"Entrepreneurship and Research Summit",2026-01-10,Completed
"College Nursing Care Mentoring Day",2025-07-11,Completed
"University-Wide STEM Learning Session",2026-11-22,Upcoming
"Inclusive Language and Literature Congress",2024-05-28,Completed
"Campus Journalism and STEM Orientation",2026-11-24,Upcoming
"Applied Student Government Congress",2025-09-28,Completed
"Industry-Academe Financial Literacy Summit",2023-06-23,Completed
"Financial Literacy Training",2024-06-14,Completed
"Research and Wellness Symposium",2024-10-16,Completed
"Young Leaders Research Summit",2026-09-24,Upcoming
"Health Awareness and Hospitality Dialogue",2024-10-21,Completed
"Community Outreach and Volunteerism Series",2023-01-24,Completed
"Health Awareness and Campus Journalism Summit",2024-06-03,Completed
"Data Analytics and Language and Literature Summit",2025-01-12,Completed
"Teaching Excellence and Financial Literacy Conference",2025-11-25,Completed
"Academic Excellence and Psychology Dialogue",2026-06-20,Upcoming
"Health Awareness and Business Management Fair",2025-12-24,Completed
"Athletics and Health Awareness Training",2024-08-21,Completed
"Faculty Robotics Symposium",2023-09-20,Completed
"Student Health Awareness Workshop",2026-03-25,Completed
"Robotics and Engineering Design Summit",2025-01-20,Completed
"Interdepartmental Volunteerism Camp",2024-07-12,Completed
"Science Education Camp",2023-09-11,Completed
"Applied Environmental Awareness Symposium",2026-03-27,Completed
"Volunteerism Assembly",2023-01-15,Completed
"Regional Innovation Showcase",2023-02-19,Completed
"Teacher Training Bootcamp",2026-08-26,Upcoming
"College Digital Literacy Orientation",2023-08-14,Completed
"Hospitality Seminar",2023-08-12,Completed
"Young Leaders Language and Literature Forum",2025-08-20,Completed
"Inclusive Education Training",2023-12-18,Completed
"Student Teacher Training Bootcamp",2026-03-19,Completed
"Campus Journalism and Nursing Care Learning Session",2026-06-28,Upcoming
"University-Wide Environmental Awareness Training",2023-06-19,Completed
"Data Analytics Bootcamp",2025-09-21,Completed
"Robotics Dialogue",2024-01-13,Completed
"Volunteerism Mentoring Day",2025-01-30,Completed
"Inclusive Athletics Workshop",2026-11-10,Upcoming
"Career Development Showcase",2026-07-30,Upcoming
"Financial Literacy and Inclusive Education Conference",2025-03-13,Completed
"Debate and Athletics Colloquium",2023-10-12,Completed
"Data Analytics Series",2026-12-03,Upcoming
"Public Speaking Forum",2023-10-01,Completed
"Tourism Series",2025-09-30,Completed
"Wellness Summit",2026-04-26,Upcoming
"Leadership and Robotics Dialogue",2024-10-13,Completed
"Financial Literacy Seminar",2025-03-17,Completed
"Hospitality Congress",2024-05-18,Completed
"Financial Literacy and Teaching Excellence Summit",2025-07-03,Completed
"Entrepreneurship and Tourism Learning Session",2025-04-20,Completed
"Nursing Care Dialogue",2024-04-03,Completed
"Student Teacher Training Training",2023-07-02,Completed
"College Psychology Summit",2023-11-05,Completed
"Athletics Congress",2025-02-11,Completed
"Robotics Congress",2023-04-01,Completed
"Media Production and Arts and Culture Colloquium",2024-12-05,Completed
"Business Management Symposium",2023-11-08,Completed
"Community Cybersecurity Congress",2023-01-05,Completed
"College Arts and Culture Showcase",2023-02-26,Completed
"Future-Ready Public Speaking Expo",2024-07-12,Completed
"Nursing Care Series",2023-07-16,Completed
"Psychology Workshop",2023-08-19,Completed
"Sustainability and Student Government Bootcamp",2023-06-29,Completed
"Research and Arts and Culture Congress",2023-10-15,Completed
"Young Leaders Language and Literature Summit",2024-03-20,Completed
"Community Language and Literature Congress",2026-12-18,Upcoming
"Language and Literature Summit",2025-08-27,Completed
"Digital Literacy and Hospitality Forum",2024-09-18,Completed
"Applied Leadership Summit",2024-05-09,Completed
"Disaster Preparedness Orientation",2026-04-25,Upcoming
"Environmental Awareness Colloquium",2026-11-19,Upcoming
"Career Development Showcase",2024-01-15,Completed
"Mental Health Seminar",2026-01-06,Completed
"Tourism Seminar",2024-10-15,Completed
"Student STEM Expo",2025-04-06,Completed
"Annual Health Awareness Showcase",2024-03-14,Completed
"Campus Science Education Expo",2026-01-16,Completed
"Applied Volunteerism Colloquium",2023-03-04,Completed
"Student Government Colloquium",2025-03-27,Completed
"Creative Public Speaking Fair",2025-12-09,Completed
"Leadership Symposium",2024-01-04,Completed
"Research Showcase",2024-07-29,Completed
"Robotics Seminar",2024-12-22,Completed
"Language and Literature and Financial Literacy Series",2023-07-03,Completed
"Psychology and Student Government Showcase",2026-12-10,Upcoming
"Sustainability Learning Session",2023-03-11,Completed
"Future-Ready Robotics Bootcamp",2024-12-09,Completed
"Language and Literature and Mental Health Series",2024-09-07,Completed
"Interdepartmental Innovation Series",2026-05-26,Upcoming
"Faculty Public Speaking Bootcamp",2023-02-09,Completed
"Health Awareness and Data Analytics Dialogue",2025-03-18,Completed
"Business Management and Alumni Engagement Forum",2026-03-01,Completed
"Applied Mental Health Forum",2023-05-29,Completed
"Annual Debate Camp",2026-05-16,Upcoming
"Industry-Academe Community Outreach Dialogue",2023-05-25,Completed
"Inclusive STEM Forum",2024-12-18,Completed
"Faculty Nursing Care Fair",2025-11-02,Completed
"STEM Dialogue",2023-01-04,Completed
"Annual Environmental Awareness Orientation",2024-02-23,Completed
"Debate and Inclusive Education Seminar",2023-08-09,Completed
"College Disaster Preparedness Forum",2025-09-28,Completed
"Young Leaders Business Management Summit",2025-03-19,Completed
"Environmental Awareness and Research Showcase",2026-01-08,Completed
"Health Awareness and Psychology Seminar",2025-04-29,Completed
"Public Speaking and Student Government Fair",2023-02-18,Completed
"Annual Teacher Training Learning Session",2024-05-25,Completed
"Business Management and Student Government Orientation",2024-10-30,Completed
"Debate Summit",2024-06-28,Completed
"Psychology Workshop",2024-08-20,Completed
"Cybersecurity Showcase",2025-06-05,Completed
"Cybersecurity and Science Education Showcase",2025-05-28,Completed
"Alumni Engagement and Sustainability Workshop",2023-12-10,Completed
"Cybersecurity and Innovation Workshop",2024-10-01,Completed
"Research Training",2024-01-08,Completed
"University-Wide Campus Journalism Summit",2026-03-25,Completed
"Engineering Design Bootcamp",2024-11-02,Completed
"Alumni Engagement and Digital Literacy Conference",2024-11-25,Completed
"Language and Literature and Teacher Training Forum",2023-04-11,Completed
"Entrepreneurship Expo",2024-08-18,Completed
"Inclusive Teacher Training Fair",2026-04-26,Upcoming
"Annual Media Production Mentoring Day",2023-03-12,Completed
"Alumni Engagement and Language and Literature Orientation",2026-03-26,Completed
"Service Learning and Media Production Forum",2026-07-12,Upcoming
"Arts and Culture Fair",2023-05-04,Completed
"Athletics Fair",2024-03-03,Completed
"Hospitality Colloquium",2025-08-18,Completed
"Tourism and Academic Excellence Bootcamp",2024-03-20,Completed
"Community Business Management Showcase",2024-01-21,Completed
"Regional Volunteerism Mentoring Day",2024-10-09,Completed
"Young Leaders Data Analytics Symposium",2024-07-17,Completed
"Student Psychology Assembly",2025-08-14,Completed
"Alumni Engagement and Academic Excellence Fair",2024-10-31,Completed
"Inclusive Education and Research Colloquium",2023-01-19,Completed
"Business Management Seminar",2024-04-23,Completed
"Tourism and Debate Seminar",2026-09-26,Upcoming
"Regional Science Education Colloquium",2023-05-14,Completed
"Community Cybersecurity Symposium",2023-07-19,Completed
"Applied Leadership Learning Session",2026-07-14,Upcoming
"Inclusive Education and Service Learning Colloquium",2024-12-18,Completed
"Interdepartmental Research Symposium",2023-04-09,Completed
"Inclusive Robotics Learning Session",2025-12-16,Completed
"Media Production Seminar",2025-07-31,Completed
"Research and Business Management Colloquium",2025-09-11,Completed
"University-Wide Digital Literacy Fair",2026-04-21,Ongoing
"Teaching Excellence Bootcamp",2023-04-07,Completed
"Interdepartmental Teaching Excellence Assembly",2026-10-13,Upcoming
"Arts and Culture and Innovation Conference",2024-07-25,Completed
"Future-Ready Science Education Workshop",2023-04-08,Completed
"Student Government Training",2023-07-07,Completed
"Service Learning Congress",2024-07-11,Completed
"Entrepreneurship Forum",2024-05-09,Completed
"Student Government and Tourism Assembly",2025-06-21,Completed
"Alumni Engagement Symposium",2023-08-28,Completed
"Financial Literacy Congress",2024-12-28,Completed
"Inclusive Cybersecurity Expo",2026-12-18,Upcoming
"Media Production Camp",2023-09-23,Completed
"Cybersecurity and Research Seminar",2026-11-15,Upcoming
"Environmental Awareness Expo",2023-07-06,Completed
"Teaching Excellence Learning Session",2023-11-02,Completed
"Athletics and Student Government Dialogue",2025-04-24,Completed
"Data Analytics and Community Outreach Training",2024-04-14,Completed
"Financial Literacy Fair",2025-01-12,Completed
"Debate Mentoring Day",2024-10-17,Completed
"Leadership Training",2025-09-23,Completed
"Nursing Care and STEM Camp",2025-11-03,Completed
"Creative Hospitality Congress",2025-02-06,Completed
"Applied Entrepreneurship Bootcamp",2026-02-10,Completed
"Environmental Awareness Symposium",2025-09-22,Completed
"Cybersecurity Showcase",2023-06-22,Completed
"University-Wide Nursing Care Learning Session",2026-04-28,Upcoming
"Arts and Culture and Disaster Preparedness Orientation",2025-07-18,Completed
"Engineering Design and Nursing Care Symposium",2024-04-04,Completed
"Mental Health and Health Awareness Expo",2023-10-22,Completed
"Future-Ready Community Outreach Workshop",2026-02-22,Completed
"Mental Health Symposium",2026-07-28,Upcoming
"Faculty STEM Workshop",2025-03-20,Completed
"Interdepartmental Arts and Culture Orientation",2026-07-31,Upcoming
"Financial Literacy Orientation",2026-05-06,Upcoming
"Academic Excellence Workshop",2024-09-25,Completed
"Digital Literacy Congress",2026-02-03,Completed
"Teacher Training and Public Speaking Mentoring Day",2023-02-13,Completed
"Interdepartmental Teacher Training Seminar",2025-08-12,Completed
"Research and STEM Conference",2024-12-10,Completed
"Volunteerism and Teacher Training Conference",2023-11-13,Completed
"Leadership and Data Analytics Orientation",2024-01-24,Completed
"Hospitality Series",2024-05-23,Completed
"Hospitality and STEM Colloquium",2026-10-19,Upcoming
"Debate Workshop",2023-06-10,Completed
"Student Government and Business Management Summit",2024-06-04,Completed
"Inclusive Athletics Dialogue",2026-11-04,Upcoming
"Future-Ready Career Development Summit",2026-12-06,Upcoming
"Language and Literature and Environmental Awareness Camp",2026-06-26,Upcoming
"Student Government and Cybersecurity Summit",2026-04-13,Completed
"Psychology and Media Production Workshop",2024-08-25,Completed
"Entrepreneurship and Language and Literature Conference",2026-06-28,Upcoming
"Career Development Workshop",2025-09-12,Completed
"Volunteerism Conference",2024-11-10,Completed
"Community Outreach Colloquium",2025-02-13,Completed
"Wellness and Athletics Bootcamp",2025-11-09,Completed
"Engineering Design Congress",2025-06-25,Completed
"Future-Ready Wellness Congress",2026-05-22,Upcoming
"Young Leaders Environmental Awareness Expo",2023-05-22,Completed
"Teacher Training and Community Outreach Assembly",2024-10-06,Completed
"Regional Volunteerism Symposium",2026-10-29,Upcoming
"Service Learning and Leadership Camp",2023-04-23,Completed
"Research Fair",2025-09-20,Completed
"Cybersecurity Dialogue",2024-02-02,Completed
"Engineering Design and Robotics Seminar",2025-08-15,Completed
"Innovation Mentoring Day",2023-02-26,Completed
"Tourism and Entrepreneurship Forum",2023-11-23,Completed
"University-Wide Wellness Summit",2023-03-05,Completed
"Debate and Academic Excellence Summit",2026-06-17,Upcoming
"Research Dialogue",2025-06-22,Completed
"Media Production and Nursing Care Symposium",2026-04-21,Ongoing
"STEM Dialogue",2025-12-12,Completed
"Arts and Culture and Career Development Fair",2024-09-17,Completed
"Student Teacher Training Learning Session",2024-12-06,Completed
"Sustainability and STEM Fair",2025-05-28,Completed
"Volunteerism Showcase",2023-11-30,Completed
"Alumni Engagement Dialogue",2026-09-07,Upcoming
"Annual Entrepreneurship Colloquium",2023-01-11,Completed
"University-Wide Teaching Excellence Congress",2024-01-02,Completed
"Psychology and Disaster Preparedness Fair",2026-12-18,Upcoming
"Young Leaders Engineering Design Workshop",2026-03-18,Completed
"Career Development and Cybersecurity Camp",2024-02-02,Completed
"Volunteerism and Nursing Care Expo",2024-01-24,Completed
"Applied Public Speaking Symposium",2026-10-26,Upcoming
"Cybersecurity and Inclusive Education Fair",2023-05-19,Completed
"Financial Literacy Training",2024-03-02,Completed
"Hospitality Seminar",2026-07-18,Upcoming
"Business Management and Hospitality Dialogue",2026-04-27,Upcoming
"Innovation Summit",2025-05-06,Completed
"Research and Psychology Camp",2023-09-11,Completed
"Faculty Engineering Design Orientation",2023-12-16,Completed
"Arts and Culture Assembly",2023-08-23,Completed
"Teaching Excellence Conference",2025-09-02,Completed
"Data Analytics Dialogue",2023-10-12,Completed
"Creative Sustainability Expo",2026-05-26,Upcoming
"Leadership Learning Session",2025-09-16,Completed
"Athletics Forum",2025-06-01,Completed
"Financial Literacy Workshop",2024-08-05,Completed
"Business Management and Debate Mentoring Day",2023-08-24,Completed
"Language and Literature and Engineering Design Series",2025-04-24,Completed
"Research and Cybersecurity Workshop",2025-08-01,Completed
"Wellness Showcase",2026-07-17,Upcoming
"Tourism Showcase",2025-01-26,Completed
"University-Wide Inclusive Education Bootcamp",2026-01-31,Completed
"Industry-Academe Service Learning Symposium",2025-03-19,Completed
"Arts and Culture and Nursing Care Dialogue",2024-03-24,Completed
"Media Production Orientation",2025-11-11,Completed
"STEM Series",2023-03-26,Completed
"Campus Inclusive Education Summit",2025-08-28,Completed
"Psychology and Media Production Workshop",2026-06-20,Upcoming
"Community Outreach and Campus Journalism Series",2026-03-03,Completed
"Engineering Design and Teacher Training Congress",2024-11-17,Completed
"Arts and Culture Assembly",2026-05-01,Upcoming
"Psychology and Media Production Training",2024-06-27,Completed
"Teaching Excellence and Entrepreneurship Congress",2025-02-01,Completed
"Creative Career Development Showcase",2026-11-23,Upcoming
"Cybersecurity and Alumni Engagement Forum",2026-04-09,Completed
"Applied Student Government Showcase",2023-07-21,Completed
"Future-Ready Volunteerism Congress",2025-03-18,Completed
"Athletics and Psychology Fair",2025-06-28,Completed
"Environmental Awareness Expo",2023-08-06,Completed
"Environmental Awareness and Business Management Orientation",2025-04-06,Completed
"Faculty Public Speaking Conference",2025-10-15,Completed
"Athletics and Campus Journalism Learning Session",2023-11-28,Completed
"Industry-Academe Science Education Series",2024-09-16,Completed
"Alumni Engagement Forum",2026-02-13,Completed
"Regional Nursing Care Fair",2025-08-05,Completed
"Health Awareness and Public Speaking Series",2023-08-07,Completed
"Young Leaders Robotics Training",2026-05-02,Upcoming
"University-Wide Service Learning Training",2025-05-16,Completed
"Mental Health and Community Outreach Forum",2026-11-05,Upcoming
"Mental Health and Teaching Excellence Expo",2026-10-09,Upcoming
"Service Learning Dialogue",2023-08-25,Completed
"Media Production Orientation",2024-08-26,Completed
"Health Awareness and Campus Journalism Camp",2025-08-31,Completed
"Media Production and Entrepreneurship Conference",2025-05-01,Completed
"Future-Ready Volunteerism Mentoring Day",2023-07-10,Completed
"College Health Awareness Summit",2026-04-07,Completed
"Future-Ready Robotics Expo",2026-01-19,Completed
"Future-Ready Media Production Workshop",2023-04-10,Completed
"Public Speaking Learning Session",2024-07-31,Completed
"Faculty Volunteerism Orientation",2026-02-03,Completed
"Tourism Training",2025-04-29,Completed
"STEM and Career Development Assembly",2024-04-04,Completed
"Inclusive Education Bootcamp",2024-10-27,Completed
"STEM Summit",2024-11-29,Completed
"Inclusive Education and Leadership Learning Session",2023-02-18,Completed
"Arts and Culture and Academic Excellence Series",2023-01-21,Completed
"Health Awareness Dialogue",2025-12-01,Completed
"Data Analytics and Sustainability Fair",2023-07-15,Completed
"Cybersecurity and Business Management Summit",2023-09-07,Completed
"Industry-Academe Sustainability Conference",2026-11-27,Upcoming
"Digital Literacy Seminar",2024-07-26,Completed
"Community Sustainability Workshop",2024-10-09,Completed
"Future-Ready STEM Fair",2023-02-10,Completed
"Student Government Showcase",2024-05-22,Completed
"Academic Excellence Camp",2025-08-25,Completed
"Interdepartmental Inclusive Education Forum",2026-09-03,Upcoming
"Academic Excellence and Volunteerism Learning Session",2025-12-13,Completed
"Language and Literature and Digital Literacy Symposium",2026-12-30,Upcoming
"Language and Literature and Sustainability Symposium",2026-01-25,Completed
"Inclusive Career Development Expo",2024-09-30,Completed
"Disaster Preparedness and Robotics Symposium",2026-09-20,Upcoming
"College Environmental Awareness Forum",2026-12-25,Upcoming
"College Mental Health Conference",2025-01-12,Completed
"Young Leaders Arts and Culture Forum",2023-09-07,Completed
"Tourism and Engineering Design Workshop",2025-01-28,Completed
"Creative Cybersecurity Workshop",2025-07-05,Completed
"Industry-Academe Entrepreneurship Congress",2023-08-16,Completed
"Regional Teacher Training Mentoring Day",2024-01-21,Completed
"Psychology Dialogue",2023-04-20,Completed
"Student Environmental Awareness Series",2026-10-30,Upcoming
"Campus Public Speaking Conference",2025-09-16,Completed
"Annual Cybersecurity Training",2026-05-29,Upcoming
"Interdepartmental Teaching Excellence Orientation",2024-06-21,Completed
"Science Education and Nursing Care Mentoring Day",2026-03-29,Completed
"Future-Ready Alumni Engagement Dialogue",2025-08-25,Completed
"Media Production and Language and Literature Camp",2024-06-01,Completed
"Business Management Summit",2023-10-25,Completed
"Future-Ready Academic Excellence Congress",2025-11-21,Completed
"Creative Innovation Summit",2024-07-14,Completed
"Career Development Forum",2026-05-10,Upcoming
"Career Development and Teacher Training Training",2023-07-07,Completed
"Applied Student Government Seminar",2024-04-14,Completed
"Industry-Academe Leadership Assembly",2026-11-16,Upcoming
"Nursing Care and Career Development Training",2024-12-06,Completed
"Tourism and Disaster Preparedness Learning Session",2023-07-25,Completed
"Career Development Bootcamp",2026-01-30,Completed
"Interdepartmental Arts and Culture Mentoring Day",2024-10-29,Completed
"Debate Colloquium",2023-06-04,Completed
"Cybersecurity and Science Education Seminar",2026-03-04,Completed
"Public Speaking Series",2024-07-16,Completed
"Young Leaders Innovation Symposium",2026-11-09,Upcoming
"Faculty Robotics Series",2024-12-12,Completed
"Environmental Awareness and Cybersecurity Expo",2024-10-26,Completed
"Teacher Training and STEM Camp",2023-10-07,Completed
"Teaching Excellence Training",2026-07-02,Upcoming
"Debate Orientation",2024-10-07,Completed
"Annual Student Government Orientation",2026-10-07,Upcoming
"Future-Ready Research Colloquium",2025-12-18,Completed
"Career Development and Student Government Training",2024-02-14,Completed
"College Business Management Orientation",2024-03-17,Completed
"Inclusive Teaching Excellence Colloquium",2026-01-01,Completed
"Innovation Showcase",2026-06-29,Upcoming
"Student Government and Academic Excellence Workshop",2026-02-05,Completed
"Teacher Training and Academic Excellence Forum",2023-03-22,Completed
"Service Learning Workshop",2023-10-14,Completed
"Inclusive Sustainability Orientation",2024-08-30,Completed
"Creative Entrepreneurship Fair",2025-06-10,Completed
"Creative Innovation Dialogue",2023-12-20,Completed
"Campus Business Management Forum",2025-11-10,Completed
"College Hospitality Dialogue",2024-03-06,Completed
"Arts and Culture Assembly",2023-02-11,Completed
"Hospitality and Leadership Showcase",2025-05-31,Completed
"Debate and Innovation Fair",2026-09-03,Upcoming
"Campus Science Education Showcase",2026-07-24,Upcoming
"Student Government Seminar",2024-04-13,Completed
"Entrepreneurship and Psychology Mentoring Day",2025-10-29,Completed
"Teacher Training and Psychology Colloquium",2025-09-08,Completed
"Cybersecurity and Athletics Seminar",2025-07-13,Completed
"Language and Literature and Psychology Mentoring Day",2023-01-24,Completed
"Annual Data Analytics Forum",2026-03-08,Completed
"Leadership Colloquium",2026-04-13,Completed
"Community Outreach Forum",2025-11-24,Completed
"Leadership Fair",2026-03-11,Completed
"Student Data Analytics Summit",2025-12-11,Completed
"Young Leaders Tourism Expo",2023-07-05,Completed
"Volunteerism and Debate Seminar",2024-06-20,Completed
"Entrepreneurship Symposium",2023-11-26,Completed
"Industry-Academe Science Education Forum",2025-01-30,Completed
"Hospitality and Psychology Symposium",2026-05-15,Upcoming
"Applied Disaster Preparedness Learning Session",2024-11-05,Completed
"Environmental Awareness Conference",2026-03-08,Completed
"Entrepreneurship and STEM Assembly",2026-12-14,Upcoming
"Alumni Engagement and Career Development Series",2026-09-08,Upcoming
"Business Management and Volunteerism Mentoring Day",2024-07-14,Completed
"Hospitality and Campus Journalism Forum",2024-08-07,Completed
"Teacher Training and Entrepreneurship Showcase",2025-07-27,Completed
"Campus Journalism Training",2026-06-04,Upcoming
"Teacher Training Mentoring Day",2024-10-18,Completed
"Tourism and Academic Excellence Bootcamp",2025-04-18,Completed
"College STEM Learning Session",2023-10-28,Completed
"Community Leadership Showcase",2024-11-29,Completed
"Environmental Awareness and Data Analytics Congress",2024-04-14,Completed
"Volunteerism Congress",2025-12-24,Completed
"College Language and Literature Orientation",2025-03-04,Completed
"Financial Literacy and Career Development Bootcamp",2024-04-07,Completed
"Robotics and Nursing Care Colloquium",2023-01-25,Completed
"Inclusive Service Learning Series",2026-07-09,Upcoming
"Alumni Engagement and Entrepreneurship Learning Session",2024-06-01,Completed
"Regional Athletics Assembly",2025-06-28,Completed
"Business Management and Cybersecurity Workshop",2026-08-15,Upcoming
"Student Public Speaking Fair",2025-03-07,Completed
"Tourism and Arts and Culture Learning Session",2024-06-21,Completed
"Future-Ready Tourism Expo",2024-05-29,Completed
"Career Development and Engineering Design Series",2024-11-15,Completed
"Environmental Awareness and Leadership Conference",2024-09-25,Completed
"Digital Literacy and Inclusive Education Conference",2024-03-25,Completed
"Public Speaking Dialogue",2023-03-09,Completed
"Mental Health Camp",2023-07-03,Completed
"Cybersecurity and Wellness Colloquium",2023-11-24,Completed
"Disaster Preparedness and Teaching Excellence Workshop",2026-06-14,Upcoming
"Science Education Fair",2025-05-19,Completed
"Athletics Camp",2023-05-27,Completed
"Academic Excellence and Media Production Workshop",2025-02-05,Completed
"Mental Health and Teacher Training Assembly",2024-11-07,Completed
"Sustainability and Robotics Mentoring Day",2025-03-29,Completed
"Inclusive Education and Health Awareness Conference",2025-05-23,Completed
"Career Development Dialogue",2025-02-03,Completed
"Tourism and Inclusive Education Fair",2024-02-27,Completed
"Robotics Showcase",2023-11-06,Completed
"Inclusive Education and Alumni Engagement Assembly",2023-08-25,Completed
"University-Wide Environmental Awareness Fair",2023-01-14,Completed
"Career Development and Psychology Conference",2023-01-07,Completed
"Future-Ready Financial Literacy Dialogue",2025-09-02,Completed
"Science Education Bootcamp",2025-01-19,Completed
"Language and Literature Assembly",2023-04-27,Completed
"Career Development Showcase",2023-12-18,Completed
"Student Digital Literacy Assembly",2026-10-07,Upcoming
"Media Production Summit",2024-06-24,Completed
"Campus Nursing Care Seminar",2026-03-06,Completed
"Media Production and Language and Literature Camp",2024-06-01,Completed
"Service Learning Series",2026-12-31,Upcoming
"Innovation and Cybersecurity Dialogue",2026-05-18,Upcoming
"Annual Public Speaking Showcase",2026-03-01,Completed
"Data Analytics Series",2026-09-11,Upcoming
"Student Disaster Preparedness Expo",2023-06-08,Completed
"Student Campus Journalism Expo",2025-09-28,Completed
"Entrepreneurship and Psychology Camp",2026-09-28,Upcoming
"Research and Debate Mentoring Day",2025-04-12,Completed
"Community Outreach Summit",2024-05-02,Completed
"Financial Literacy Bootcamp",2026-03-18,Completed
"Robotics and Media Production Workshop",2026-07-26,Upcoming
"University-Wide Robotics Seminar",2026-10-22,Upcoming
"Debate Summit",2026-08-13,Upcoming
"Financial Literacy Learning Session",2024-12-25,Completed
"Psychology and Community Outreach Bootcamp",2026-04-29,Upcoming
"Regional STEM Series",2025-08-24,Completed
"Student Volunteerism Assembly",2023-09-20,Completed
"Nursing Care Dialogue",2023-11-25,Completed
"Inclusive Education and Community Outreach Series",2024-09-02,Completed
"Wellness Assembly",2024-11-30,Completed
"Psychology Symposium",2025-06-20,Completed
"Faculty Engineering Design Workshop",2023-05-02,Completed
"Media Production Conference",2023-02-12,Completed
"Student Engineering Design Learning Session",2024-08-29,Completed
"Interdepartmental Service Learning Mentoring Day",2026-07-21,Upcoming
"Disaster Preparedness and Robotics Fair",2023-06-19,Completed
"Science Education and Career Development Symposium",2023-04-20,Completed
"Future-Ready Disaster Preparedness Symposium",2026-02-05,Completed
"Industry-Academe Cybersecurity Bootcamp",2023-04-24,Completed
"Campus Debate Orientation",2024-03-01,Completed
"Health Awareness Assembly",2024-12-25,Completed
"Campus Hospitality Learning Session",2023-05-02,Completed
"Public Speaking Congress",2025-05-05,Completed
"Engineering Design and Volunteerism Assembly",2026-05-01,Upcoming
"Teacher Training Bootcamp",2024-03-11,Completed
"Teaching Excellence Dialogue",2023-09-01,Completed
"Creative Public Speaking Seminar",2024-09-20,Completed
"Teaching Excellence Congress",2024-08-17,Completed
"Academic Excellence and Teacher Training Congress",2024-07-20,Completed
"Creative Teaching Excellence Learning Session",2024-09-02,Completed
"Language and Literature and Data Analytics Seminar",2024-01-28,Completed
"Academic Excellence and Tourism Bootcamp",2024-08-06,Completed
"Alumni Engagement and Robotics Conference",2023-12-21,Completed
"Innovation Orientation",2024-04-19,Completed
"Career Development Congress",2026-05-21,Upcoming
"Applied Arts and Culture Symposium",2024-03-20,Completed
"Future-Ready Community Outreach Forum",2026-07-06,Upcoming
"Annual Entrepreneurship Fair",2025-05-31,Completed
"Digital Literacy Expo",2026-04-13,Completed
"Regional Cybersecurity Symposium",2023-04-10,Completed
"Community Language and Literature Mentoring Day",2023-02-21,Completed
"Student Wellness Symposium",2026-05-12,Upcoming
"Media Production Expo",2023-10-30,Completed
"Wellness and Volunteerism Conference",2025-06-14,Completed
"Business Management Orientation",2025-02-09,Completed
"Disaster Preparedness Forum",2024-05-12,Completed
"Research Showcase",2026-02-22,Completed
"Financial Literacy Workshop",2026-05-30,Upcoming
"Mental Health Series",2024-09-08,Completed
"Arts and Culture and Academic Excellence Camp",2025-08-14,Completed
"Athletics and Hospitality Bootcamp",2025-09-01,Completed
"Interdepartmental Career Development Summit",2023-10-31,Completed
"College Innovation Orientation",2026-01-10,Completed
"Science Education Showcase",2026-01-18,Completed
"Mental Health and Teaching Excellence Conference",2024-09-14,Completed
"Volunteerism Congress",2024-05-15,Completed
"Nursing Care and Health Awareness Showcase",2025-07-04,Completed
"Student Public Speaking Orientation",2024-11-05,Completed
"Psychology Seminar",2023-08-09,Completed
"Environmental Awareness Seminar",2026-01-17,Completed
"Tourism and Media Production Congress",2024-02-17,Completed
"Community Outreach Forum",2023-04-27,Completed
"Volunteerism Mentoring Day",2023-10-06,Completed
"Public Speaking and Community Outreach Symposium",2026-10-05,Upcoming
"College Engineering Design Orientation",2023-08-19,Completed
"Debate and Inclusive Education Workshop",2025-08-03,Completed
"Inclusive Education Bootcamp",2023-01-04,Completed
"Teacher Training Bootcamp",2025-07-30,Completed
"Student Government Showcase",2023-05-12,Completed
"Applied Digital Literacy Camp",2025-12-11,Completed
"Community Outreach Showcase",2024-03-29,Completed
"Disaster Preparedness Workshop",2023-09-30,Completed
"Community Teacher Training Conference",2023-12-27,Completed
"Entrepreneurship and Environmental Awareness Orientation",2023-07-25,Completed
"Faculty Disaster Preparedness Congress",2024-03-31,Completed
"Financial Literacy Camp",2023-06-14,Completed
"Inclusive Financial Literacy Orientation",2024-01-04,Completed
"Research and Mental Health Colloquium",2023-07-14,Completed
"Industry-Academe Business Management Symposium",2026-06-13,Upcoming
"Regional Public Speaking Series",2023-08-16,Completed
"Nursing Care and Entrepreneurship Workshop",2026-09-16,Upcoming
"Leadership and Teacher Training Dialogue",2024-06-12,Completed
"Leadership Bootcamp",2025-08-31,Completed
"Interdepartmental Teaching Excellence Congress",2023-10-04,Completed
"Nursing Care Bootcamp",2024-08-15,Completed
"Environmental Awareness Summit",2025-09-13,Completed
"Athletics Conference",2026-03-10,Completed
"Alumni Engagement Forum",2025-12-30,Completed
"Career Development and Arts and Culture Expo",2023-10-31,Completed
"Media Production Conference",2025-11-28,Completed
"Community Outreach and Entrepreneurship Fair",2025-05-01,Completed
"Interdepartmental Volunteerism Dialogue",2026-12-24,Upcoming
"Nursing Care Expo",2023-08-06,Completed
"Athletics Conference",2026-07-07,Upcoming
"Leadership Orientation",2023-07-14,Completed
"Faculty Nursing Care Orientation",2024-02-01,Completed
"Athletics and Teaching Excellence Series",2024-01-16,Completed
"Academic Excellence Summit",2026-08-07,Upcoming
"Volunteerism Fair",2025-05-04,Completed
"Nursing Care and Language and Literature Showcase",2023-02-16,Completed
"Academic Excellence Camp",2023-08-16,Completed
"Cybersecurity and Campus Journalism Symposium",2024-03-30,Completed
"Research and Public Speaking Symposium",2026-04-17,Completed
"Entrepreneurship Camp",2024-09-30,Completed
"Creative Teaching Excellence Assembly",2026-06-26,Upcoming
"Business Management and Wellness Workshop",2023-08-19,Completed
"Faculty Language and Literature Summit",2025-04-12,Completed
"University-Wide Arts and Culture Forum",2026-07-19,Upcoming
"Health Awareness Series",2023-09-21,Completed
"Language and Literature Fair",2023-10-05,Completed
"College Nursing Care Fair",2026-04-16,Completed
"Business Management and Digital Literacy Summit",2023-06-08,Completed
"Wellness and Media Production Bootcamp",2026-12-28,Upcoming
"Engineering Design Conference",2023-07-26,Completed
"Student Government and Research Symposium",2026-07-14,Upcoming
"Academic Excellence and STEM Mentoring Day",2025-05-11,Completed
"Language and Literature Showcase",2023-10-27,Completed
"Campus Journalism and Innovation Colloquium",2024-01-19,Completed
"Health Awareness and Academic Excellence Symposium",2025-09-05,Completed
"Health Awareness Assembly",2023-11-12,Completed
"Young Leaders Athletics Conference",2024-05-20,Completed
"Psychology and Financial Literacy Seminar",2025-08-21,Completed
"Science Education and Data Analytics Series",2025-05-19,Completed
"Science Education and Alumni Engagement Dialogue",2024-10-10,Completed
"Annual Sustainability Colloquium",2024-10-08,Completed
"Hospitality Fair",2026-11-23,Upcoming
"Inclusive Cybersecurity Summit",2024-04-03,Completed
"Research Colloquium",2023-04-10,Completed
"College Campus Journalism Camp",2023-10-08,Completed
"Health Awareness and Arts and Culture Congress",2025-06-29,Completed
"Career Development and Science Education Camp",2026-07-04,Upcoming
"Data Analytics and Community Outreach Dialogue",2026-03-27,Completed
"Health Awareness and Inclusive Education Conference",2024-12-04,Completed
"Science Education Orientation",2026-08-17,Upcoming
"Young Leaders Financial Literacy Colloquium",2025-01-03,Completed
"Inclusive Engineering Design Fair",2024-10-15,Completed
"Regional Volunteerism Series",2025-06-04,Completed
"Volunteerism Camp",2025-10-02,Completed
"Arts and Culture and Hospitality Congress",2026-11-19,Upcoming
"Psychology and Public Speaking Congress",2024-08-05,Completed
"University-Wide Cybersecurity Dialogue",2026-10-24,Upcoming
"Inclusive Mental Health Colloquium",2024-10-15,Completed
"Business Management Showcase",2024-11-11,Completed
"Engineering Design and Business Management Camp",2023-09-20,Completed
"Debate and Language and Literature Training",2023-08-21,Completed
"Digital Literacy and Robotics Training",2025-09-13,Completed
"Hospitality Colloquium",2024-05-18,Completed
"University-Wide Data Analytics Bootcamp",2023-01-02,Completed
"Psychology and Athletics Dialogue",2025-06-20,Completed
"Community Media Production Forum",2025-11-01,Completed
"Science Education and Teacher Training Summit",2026-04-21,Ongoing
"Campus Journalism and Volunteerism Forum",2026-04-19,Completed
"Financial Literacy and Volunteerism Orientation",2024-07-31,Completed
"Student Media Production Forum",2026-12-16,Upcoming
"STEM and Wellness Conference",2026-02-01,Completed
"Innovation Conference",2024-04-17,Completed
"Science Education Seminar",2026-02-27,Completed
"Hospitality Symposium",2024-01-16,Completed
"Research and Business Management Congress",2026-08-20,Upcoming
"Industry-Academe Sustainability Symposium",2024-04-07,Completed
"Inclusive Engineering Design Congress",2024-04-18,Completed
"Regional Research Forum",2024-10-16,Completed
"Annual Robotics Expo",2023-04-25,Completed
"Young Leaders Business Management Dialogue",2025-07-05,Completed
"Psychology and Student Government Orientation",2026-04-24,Upcoming
"Interdepartmental Academic Excellence Expo",2023-04-17,Completed
"Inclusive Environmental Awareness Symposium",2024-05-19,Completed
"Applied Arts and Culture Camp",2025-02-01,Completed
"Environmental Awareness Colloquium",2023-02-01,Completed
"Service Learning Fair",2026-01-31,Completed
"Community Outreach Symposium",2023-11-11,Completed
"University-Wide Community Outreach Expo",2025-02-03,Completed
"Career Development Training",2026-10-07,Upcoming
"Faculty Digital Literacy Series",2025-11-20,Completed
"Academic Excellence Congress",2026-11-13,Upcoming
"Applied Sustainability Congress",2026-06-04,Upcoming
"Faculty Athletics Congress",2023-03-10,Completed
"Campus STEM Orientation",2023-10-01,Completed
"Student Teaching Excellence Seminar",2025-10-13,Completed
"Career Development Dialogue",2024-02-27,Completed
"Robotics Camp",2026-02-24,Completed
"Athletics Colloquium",2023-06-25,Completed
"STEM Summit",2023-08-20,Completed
"Data Analytics and Robotics Training",2026-12-21,Upcoming
"Career Development Colloquium",2025-11-27,Completed
"Arts and Culture Seminar",2023-03-23,Completed
"Research and Academic Excellence Fair",2025-07-07,Completed
"Business Management and Disaster Preparedness Colloquium",2025-11-03,Completed
"Community Arts and Culture Fair",2023-06-12,Completed
"Hospitality and Public Speaking Orientation",2024-09-10,Completed
"Research Congress",2023-08-24,Completed
"Leadership Symposium",2025-05-05,Completed
"Young Leaders Arts and Culture Conference",2025-09-11,Completed
"Service Learning Camp",2026-08-23,Upcoming
"College STEM Colloquium",2026-05-15,Upcoming
"Alumni Engagement and Career Development Dialogue",2025-12-21,Completed
"Teacher Training Training",2023-02-07,Completed
"Career Development and Psychology Workshop",2026-08-03,Upcoming
"Annual Research Camp",2024-12-23,Completed
"Community Outreach and Research Assembly",2023-12-23,Completed
"Mental Health and Robotics Conference",2026-01-20,Completed
"Inclusive Community Outreach Expo",2023-02-13,Completed
"Future-Ready Sustainability Camp",2026-02-24,Completed
"Regional Teacher Training Camp",2024-12-26,Completed
"Campus Health Awareness Orientation",2025-02-24,Completed
"Student Innovation Congress",2024-11-03,Completed
"Future-Ready Science Education Expo",2024-12-27,Completed
"Community Outreach Congress",2024-05-15,Completed
"Psychology Training",2026-08-12,Upcoming
"Engineering Design Bootcamp",2026-08-15,Upcoming
"Teaching Excellence and Cybersecurity Bootcamp",2024-10-04,Completed
"Disaster Preparedness and STEM Summit",2025-12-18,Completed
"Leadership and Innovation Seminar",2025-09-15,Completed
"Hospitality Congress",2025-12-21,Completed
"Financial Literacy Summit",2026-09-20,Upcoming
"Teaching Excellence Summit",2025-05-30,Completed
"Faculty Engineering Design Learning Session",2024-03-19,Completed
"Inclusive Education and Data Analytics Colloquium",2023-05-14,Completed
"Hospitality and Research Forum",2024-06-13,Completed
"Industry-Academe Environmental Awareness Learning Session",2023-08-29,Completed
"Applied Career Development Orientation",2023-12-21,Completed
"Arts and Culture and Public Speaking Symposium",2024-03-20,Completed
"College Teacher Training Conference",2024-04-22,Completed
"Data Analytics and Science Education Forum",2026-01-16,Completed
"Young Leaders Entrepreneurship Camp",2023-11-03,Completed
"Annual Career Development Summit",2024-01-27,Completed
"Career Development and Financial Literacy Colloquium",2023-04-10,Completed
"Language and Literature and Campus Journalism Dialogue",2026-08-18,Upcoming
"Sustainability and Teaching Excellence Mentoring Day",2025-09-14,Completed
"Public Speaking and Mental Health Workshop",2025-10-03,Completed
"Inclusive Education Colloquium",2024-09-09,Completed
"Financial Literacy and Community Outreach Seminar",2023-02-24,Completed
"Annual Cybersecurity Workshop",2026-01-29,Completed
"Volunteerism and Sustainability Orientation",2026-10-03,Upcoming
"Health Awareness Showcase",2023-11-27,Completed
"Volunteerism and Entrepreneurship Learning Session",2024-05-20,Completed
"Debate Mentoring Day",2025-02-08,Completed
"Community Outreach and Public Speaking Congress",2023-03-15,Completed
"Public Speaking and Engineering Design Assembly",2025-11-11,Completed
"Language and Literature Training",2025-04-18,Completed
"Digital Literacy Congress",2024-05-21,Completed
"Faculty Alumni Engagement Showcase",2024-01-01,Completed
"Digital Literacy and Environmental Awareness Seminar",2023-06-28,Completed
"Language and Literature and Mental Health Dialogue",2026-11-07,Upcoming
"Young Leaders Science Education Conference",2023-03-29,Completed
"Debate and Disaster Preparedness Expo",2025-08-19,Completed
"Business Management and Data Analytics Camp",2026-01-20,Completed
"Innovation and Campus Journalism Series",2026-10-20,Upcoming
"Inclusive Health Awareness Congress",2026-03-30,Completed
"Debate Training",2025-01-13,Completed
"Campus Career Development Bootcamp",2023-09-19,Completed
"Inclusive Career Development Seminar",2026-10-22,Upcoming
"Interdepartmental Digital Literacy Colloquium",2026-02-15,Completed
"Community Mental Health Showcase",2023-08-12,Completed
"Innovation Expo",2024-02-13,Completed
"Financial Literacy and Robotics Colloquium",2026-02-16,Completed
"Language and Literature Orientation",2024-09-25,Completed
"Community Hospitality Camp",2025-12-11,Completed
"Leadership Dialogue",2023-10-11,Completed
"Athletics and Public Speaking Fair",2024-04-18,Completed
"Future-Ready Teacher Training Seminar",2025-04-08,Completed
"Robotics and Alumni Engagement Camp",2025-10-09,Completed
"Public Speaking Summit",2026-10-30,Upcoming
"Student Government and Community Outreach Training",2024-03-01,Completed
"Data Analytics Learning Session",2023-07-17,Completed
"Business Management and Public Speaking Dialogue",2025-10-12,Completed
"Language and Literature Workshop",2024-04-14,Completed
"Science Education and Research Symposium",2026-01-06,Completed
"Community Digital Literacy Summit",2023-07-02,Completed
"Community Hospitality Orientation",2025-02-28,Completed
"Engineering Design Showcase",2026-01-16,Completed
"Innovation and Academic Excellence Symposium",2025-06-05,Completed
"Service Learning Camp",2025-10-31,Completed
"Future-Ready Debate Mentoring Day",2023-09-25,Completed
"Community Outreach Workshop",2025-08-09,Completed
"Innovation and STEM Camp",2026-12-16,Upcoming
"Campus Teacher Training Workshop",2025-11-25,Completed
"Business Management and Inclusive Education Symposium",2025-05-25,Completed
"Entrepreneurship and Debate Summit",2023-07-21,Completed
"Data Analytics and Health Awareness Dialogue",2025-06-18,Completed
"Financial Literacy and Debate Series",2025-11-18,Completed
"Industry-Academe Environmental Awareness Learning Session",2024-10-08,Completed
"Annual Debate Camp",2026-10-22,Upcoming
"Alumni Engagement Mentoring Day",2023-12-04,Completed
"Annual Hospitality Expo",2024-04-14,Completed
"Regional Athletics Showcase",2026-11-21,Upcoming
"Inclusive Psychology Showcase",2025-04-07,Completed
"Environmental Awareness Camp",2024-11-19,Completed
"Interdepartmental Research Mentoring Day",2024-07-27,Completed
"Debate Orientation",2024-11-03,Completed
"Innovation and Public Speaking Expo",2025-02-17,Completed
"University-Wide Wellness Bootcamp",2023-11-30,Completed
"Sustainability and Robotics Orientation",2023-11-03,Completed
"Entrepreneurship and STEM Congress",2023-08-18,Completed
"Hospitality and Language and Literature Showcase",2025-09-02,Completed
"Entrepreneurship Colloquium",2024-09-21,Completed
"Disaster Preparedness Camp",2023-08-21,Completed
"Arts and Culture and Business Management Showcase",2025-07-31,Completed
"Entrepreneurship and Data Analytics Symposium",2024-06-10,Completed
"Arts and Culture and Career Development Summit",2026-04-12,Completed
"Entrepreneurship Expo",2023-11-19,Completed
"Nursing Care Mentoring Day",2026-08-26,Upcoming
"Mental Health Colloquium",2026-08-02,Upcoming
"Business Management and Engineering Design Dialogue",2024-10-07,Completed
"Cybersecurity and Arts and Culture Workshop",2023-04-15,Completed
"Arts and Culture Workshop",2024-06-27,Completed
"Health Awareness and Debate Forum",2025-06-07,Completed
"Arts and Culture and Disaster Preparedness Dialogue",2024-06-08,Completed
"Hospitality and Athletics Fair",2025-01-25,Completed
"Engineering Design and Public Speaking Summit",2025-01-09,Completed
"Robotics and Engineering Design Series",2024-11-23,Completed
"Campus Journalism Bootcamp",2025-02-07,Completed
"Mental Health Summit",2026-11-18,Upcoming
"Industry-Academe Debate Series",2023-08-23,Completed
"Financial Literacy and Sustainability Forum",2026-01-07,Completed
"Student Government and Robotics Assembly",2023-02-10,Completed
"Cybersecurity and Business Management Training",2023-05-16,Completed
"Applied Psychology Seminar",2023-09-01,Completed
"Leadership Dialogue",2025-11-01,Completed
"Media Production and Community Outreach Symposium",2023-09-24,Completed
"Public Speaking Orientation",2026-09-21,Upcoming
"Future-Ready Research Workshop",2025-08-27,Completed
"Alumni Engagement Symposium",2023-06-26,Completed
"Young Leaders Robotics Conference",2025-01-10,Completed
"Student Teacher Training Colloquium",2024-07-02,Completed
"Innovation and Community Outreach Showcase",2024-01-19,Completed
"Inclusive Financial Literacy Camp",2025-12-26,Completed
"College Robotics Dialogue",2025-07-22,Completed
"Alumni Engagement Training",2024-04-20,Completed
"Sustainability and Engineering Design Seminar",2023-03-30,Completed
"Mental Health and Nursing Care Summit",2026-12-06,Upcoming
"Academic Excellence Training",2026-04-11,Completed
"Entrepreneurship and Tourism Seminar",2025-03-05,Completed
"Cybersecurity Fair",2026-06-21,Upcoming
"Future-Ready Psychology Conference",2024-05-25,Completed
"Industry-Academe Athletics Camp",2024-02-15,Completed
"University-Wide Robotics Bootcamp",2026-03-04,Completed
"Language and Literature Series",2025-11-30,Completed
"Volunteerism and Research Training",2025-10-20,Completed
"Industry-Academe Business Management Bootcamp",2024-12-05,Completed
"Business Management and Disaster Preparedness Orientation",2024-06-12,Completed
"Entrepreneurship and STEM Bootcamp",2025-07-15,Completed
"Sustainability and Data Analytics Mentoring Day",2024-03-17,Completed
"Disaster Preparedness Training",2025-12-15,Completed
"Innovation and Service Learning Training",2025-10-09,Completed
"Interdepartmental Academic Excellence Mentoring Day",2024-01-28,Completed
"Tourism and Sustainability Workshop",2023-08-19,Completed
"Inclusive Volunteerism Dialogue",2025-01-08,Completed
"Wellness Symposium",2026-04-21,Ongoing
"STEM Learning Session",2026-01-24,Completed
"Community Outreach Fair",2025-08-06,Completed
"Business Management and Engineering Design Colloquium",2026-01-20,Completed
"Public Speaking and Cybersecurity Congress",2024-11-28,Completed
"Hospitality Bootcamp",2025-03-13,Completed
"Financial Literacy and Inclusive Education Congress",2025-04-30,Completed
"Inclusive Tourism Workshop",2026-03-22,Completed
"Teacher Training Forum",2025-04-03,Completed
"Digital Literacy Summit",2023-05-22,Completed
"Community Nursing Care Bootcamp",2026-09-03,Upcoming
"Business Management Series",2024-02-18,Completed
"Industry-Academe Hospitality Dialogue",2024-08-06,Completed
"Health Awareness Forum",2025-03-06,Completed
"Student Public Speaking Mentoring Day",2024-02-01,Completed
"Interdepartmental Robotics Fair",2026-07-23,Upcoming
"Public Speaking and Campus Journalism Camp",2024-08-20,Completed
"Financial Literacy and Leadership Fair",2026-01-01,Completed
"Health Awareness and Robotics Series",2023-10-10,Completed
"Industry-Academe Athletics Summit",2023-11-15,Completed
"Creative Digital Literacy Expo",2025-12-01,Completed
"Public Speaking Fair",2026-12-14,Upcoming
"Volunteerism Forum",2026-03-19,Completed
"Service Learning Workshop",2026-04-30,Upcoming
"Faculty Inclusive Education Showcase",2024-06-26,Completed
"Business Management Symposium",2026-06-14,Upcoming
"Volunteerism and Wellness Series",2023-07-07,Completed
"Debate Symposium",2026-04-25,Upcoming
"College Leadership Expo",2026-09-28,Upcoming
"Debate Forum",2024-08-06,Completed
"Health Awareness and Community Outreach Showcase",2024-06-16,Completed
"Community Science Education Dialogue",2025-05-17,Completed
"College Service Learning Expo",2024-04-09,Completed
"Psychology Fair",2026-09-06,Upcoming
"Disaster Preparedness Summit",2024-11-03,Completed
"Inclusive Education Learning Session",2025-05-09,Completed
"Interdepartmental Research Bootcamp",2024-07-16,Completed
"Sustainability Colloquium",2025-11-17,Completed
"Teacher Training Congress",2025-03-31,Completed
"Inclusive Education and Financial Literacy Assembly",2026-05-25,Upcoming
"Arts and Culture Conference",2026-11-19,Upcoming
"Engineering Design and Robotics Conference",2023-09-28,Completed
"Hospitality and Cybersecurity Expo",2023-06-17,Completed
"Engineering Design Learning Session",2026-03-19,Completed
"Nursing Care Camp",2023-09-24,Completed
"Future-Ready Debate Workshop",2025-04-29,Completed
"Faculty Debate Forum",2025-09-30,Completed
"Nursing Care Camp",2026-02-07,Completed
"University-Wide Health Awareness Learning Session",2024-03-23,Completed
"Creative Disaster Preparedness Assembly",2023-01-05,Completed
"Sustainability and Leadership Seminar",2024-03-11,Completed
"Research and Sustainability Workshop",2025-06-25,Completed
"Health Awareness and Hospitality Seminar",2024-06-06,Completed
"Disaster Preparedness and Nursing Care Training",2023-06-06,Completed
"College Media Production Camp",2026-12-04,Upcoming
"Creative Research Assembly",2025-01-23,Completed
"Creative Service Learning Symposium",2023-01-24,Completed
"Career Development Showcase",2026-07-01,Upcoming
"Student Student Government Conference",2025-01-07,Completed
"Environmental Awareness and Leadership Showcase",2025-10-02,Completed
"Teacher Training and STEM Camp",2026-01-11,Completed
"College Community Outreach Series",2023-12-03,Completed
"Creative Hospitality Camp",2026-09-27,Upcoming
"Interdepartmental Service Learning Symposium",2024-02-12,Completed
"Cybersecurity Orientation",2024-11-03,Completed
"Teaching Excellence Colloquium",2023-04-21,Completed
"Wellness and Athletics Colloquium",2026-07-06,Upcoming
"Wellness Dialogue",2024-05-20,Completed
"STEM and Robotics Bootcamp",2023-07-07,Completed
"Media Production Assembly",2026-09-10,Upcoming
"Faculty Inclusive Education Orientation",2023-03-06,Completed
"Leadership and Campus Journalism Congress",2025-05-29,Completed
"Alumni Engagement and Innovation Forum",2026-10-11,Upcoming
"Sustainability and Public Speaking Expo",2025-04-19,Completed
"Future-Ready Leadership Conference",2024-08-11,Completed
"Industry-Academe Science Education Camp",2023-01-16,Completed
"Campus Journalism Learning Session",2023-10-14,Completed
"STEM Seminar",2025-03-06,Completed
"Service Learning Symposium",2024-05-12,Completed
"College STEM Camp",2025-06-27,Completed
"Inclusive Innovation Learning Session",2025-07-01,Completed
"Data Analytics Bootcamp",2024-12-02,Completed
"Annual Robotics Orientation",2023-06-02,Completed
"Student Government and Public Speaking Symposium",2026-12-15,Upcoming
"Language and Literature and Sustainability Assembly",2025-09-08,Completed
"Inclusive Community Outreach Camp",2026-03-20,Completed
"Arts and Culture Showcase",2023-12-18,Completed
"College Mental Health Colloquium",2024-08-10,Completed
"Science Education Training",2026-04-20,Completed
"Tourism Training",2026-05-08,Upcoming
"Academic Excellence and Community Outreach Summit",2024-04-05,Completed
"Arts and Culture and Career Development Mentoring Day",2026-03-19,Completed
"Business Management Congress",2026-11-19,Upcoming
"Campus Journalism Showcase",2024-01-26,Completed
"Engineering Design and Debate Seminar",2026-11-11,Upcoming
"College Campus Journalism Dialogue",2025-01-28,Completed
"Business Management Training",2024-01-25,Completed
"University-Wide Business Management Series",2023-03-24,Completed
"Interdepartmental Service Learning Showcase",2024-06-20,Completed
"Nursing Care Conference",2025-01-25,Completed
"Inclusive Robotics Bootcamp",2023-05-20,Completed
"Leadership and Language and Literature Bootcamp",2023-09-11,Completed
"Volunteerism and Entrepreneurship Workshop",2025-05-23,Completed
"Inclusive Robotics Congress",2025-07-03,Completed
"Campus Journalism Series",2023-04-30,Completed
"Business Management Assembly",2025-07-30,Completed
"Community Entrepreneurship Conference",2026-11-27,Upcoming
"STEM and Academic Excellence Colloquium",2026-07-29,Upcoming
"Tourism and Health Awareness Training",2024-12-21,Completed
"STEM Training",2024-04-07,Completed
"Inclusive Education and Language and Literature Fair",2026-04-21,Ongoing
"Industry-Academe Leadership Training",2025-10-11,Completed
"Career Development Bootcamp",2024-08-06,Completed
"Wellness and Teacher Training Dialogue",2024-12-19,Completed
"Teacher Training and STEM Seminar",2024-01-28,Completed
"Career Development and Science Education Learning Session",2024-11-12,Completed
"Research and Debate Summit",2025-09-26,Completed
"Applied Debate Seminar",2024-09-18,Completed
"Alumni Engagement Camp",2025-03-18,Completed
"STEM and Debate Forum",2026-11-14,Upcoming
"Teaching Excellence Forum",2025-11-14,Completed
"STEM Series",2024-07-21,Completed
"Cybersecurity Fair",2026-04-12,Completed
"College Research Expo",2026-11-13,Upcoming
"Nursing Care and Robotics Mentoring Day",2023-08-26,Completed
"Campus Arts and Culture Learning Session",2023-09-18,Completed
"Future-Ready Innovation Conference",2023-11-12,Completed
"Student Psychology Orientation",2025-04-08,Completed
"Hospitality Summit",2025-07-18,Completed
"Public Speaking Orientation",2023-09-20,Completed
"Annual Robotics Fair",2025-08-26,Completed
"Digital Literacy Series",2025-10-18,Completed
"Inclusive Arts and Culture Workshop",2024-11-21,Completed
"Interdepartmental Nursing Care Expo",2023-06-19,Completed
"Applied Mental Health Fair",2026-08-20,Upcoming
"Media Production Colloquium",2025-09-15,Completed
"Health Awareness and Hospitality Summit",2026-05-17,Upcoming
"University-Wide Volunteerism Bootcamp",2025-05-03,Completed
"Psychology and Robotics Forum",2023-03-07,Completed
"Faculty Mental Health Symposium",2026-07-27,Upcoming
"Robotics and Sustainability Assembly",2026-02-08,Completed
"Public Speaking Training",2023-01-31,Completed
"Interdepartmental Athletics Fair",2023-01-16,Completed
"Leadership Expo",2026-05-21,Upcoming
"Teaching Excellence Fair",2024-01-14,Completed
"Community Language and Literature Workshop",2023-09-20,Completed
"Sustainability Assembly",2025-01-13,Completed
"Cybersecurity Expo",2026-08-13,Upcoming
"Alumni Engagement and Robotics Colloquium",2024-04-30,Completed
"Tourism Assembly",2024-06-16,Completed
"Student Government and Academic Excellence Orientation",2023-01-16,Completed
"Cybersecurity Showcase",2025-08-31,Completed
"Debate and STEM Forum",2025-07-15,Completed
"Volunteerism Forum",2024-12-28,Completed
"Digital Literacy and Mental Health Bootcamp",2024-06-17,Completed
"Inclusive Tourism Assembly",2025-11-30,Completed
"Debate Dialogue",2026-08-01,Upcoming
"Robotics and Community Outreach Conference",2023-06-04,Completed
"Cybersecurity Fair",2024-04-18,Completed
"Arts and Culture Expo",2023-12-12,Completed
"Volunteerism Assembly",2024-09-15,Completed
"Wellness and Arts and Culture Fair",2025-02-25,Completed
"Student Government and Academic Excellence Colloquium",2023-01-01,Completed
"Future-Ready Entrepreneurship Seminar",2025-11-28,Completed
"Teacher Training Series",2023-08-13,Completed
"Research Expo",2024-01-02,Completed
"Future-Ready Academic Excellence Assembly",2024-01-30,Completed
"Volunteerism and Business Management Symposium",2026-04-01,Completed
"Engineering Design Workshop",2026-02-15,Completed
"Financial Literacy and Service Learning Workshop",2025-01-12,Completed
"Alumni Engagement Training",2026-04-10,Completed
"Leadership Bootcamp",2025-05-12,Completed
"Disaster Preparedness Conference",2025-10-04,Completed
"University-Wide Data Analytics Summit",2026-07-04,Upcoming
"Media Production Series",2023-09-10,Completed
"Inclusive Engineering Design Forum",2026-11-12,Upcoming
"Future-Ready Academic Excellence Fair",2025-11-04,Completed
"Environmental Awareness Mentoring Day",2024-11-19,Completed
"Industry-Academe Volunteerism Conference",2024-09-23,Completed
"Business Management and STEM Symposium",2025-08-02,Completed
"Applied Campus Journalism Showcase",2024-01-18,Completed
"Data Analytics and Academic Excellence Camp",2026-01-03,Completed
"Nursing Care and Environmental Awareness Forum",2024-07-20,Completed
"Teacher Training and Cybersecurity Colloquium",2026-08-31,Upcoming
"Faculty Leadership Seminar",2024-12-06,Completed
"Language and Literature Seminar",2024-12-27,Completed
"Business Management Showcase",2025-10-23,Completed
"Cybersecurity and Nursing Care Colloquium",2026-06-09,Upcoming
"Annual STEM Forum",2024-04-21,Completed
"Applied Volunteerism Seminar",2023-07-04,Completed
"Debate and Cybersecurity Forum",2026-11-15,Upcoming
"Debate Expo",2026-05-04,Upcoming
"Inclusive Education and Psychology Seminar",2023-04-15,Completed
"Student STEM Seminar",2026-02-07,Completed
"Future-Ready Nursing Care Conference",2024-11-12,Completed
"Sustainability and Leadership Dialogue",2024-10-19,Completed
"Campus Career Development Assembly",2025-12-28,Completed
"Alumni Engagement and Cybersecurity Fair",2025-04-18,Completed
"Student Wellness Series",2025-10-06,Completed
"Teaching Excellence Seminar",2023-12-01,Completed
"Regional Psychology Summit",2025-02-02,Completed
"Language and Literature Orientation",2024-12-31,Completed
"Regional Alumni Engagement Summit",2026-06-01,Upcoming
"Community STEM Colloquium",2024-06-17,Completed
"Campus Research Series",2023-09-26,Completed
"Future-Ready Entrepreneurship Symposium",2026-09-08,Upcoming
"College Service Learning Showcase",2024-01-25,Completed
"Arts and Culture Training",2026-05-19,Upcoming
"College Innovation Bootcamp",2025-09-13,Completed
"Psychology and Environmental Awareness Congress",2026-11-17,Upcoming
"Athletics and Media Production Showcase",2023-07-08,Completed
"Annual Health Awareness Dialogue",2025-01-17,Completed
"Teaching Excellence and Language and Literature Bootcamp",2023-10-19,Completed
"Annual Media Production Bootcamp",2023-06-08,Completed
"Entrepreneurship Mentoring Day",2026-06-23,Upcoming
"Interdepartmental Language and Literature Symposium",2026-06-23,Upcoming
"Industry-Academe Volunteerism Camp",2024-03-06,Completed
"Inclusive Public Speaking Learning Session",2026-08-30,Upcoming
"Data Analytics and Debate Camp",2026-06-28,Upcoming
"Applied Innovation Mentoring Day",2026-08-25,Upcoming
"Volunteerism Mentoring Day",2026-09-12,Upcoming
"Innovation Showcase",2023-12-25,Completed
"Innovation and Hospitality Fair",2025-08-26,Completed
"Academic Excellence Training",2023-11-11,Completed
"College Data Analytics Congress",2023-08-09,Completed
"Data Analytics and Psychology Camp",2026-12-09,Upcoming
"Mental Health Showcase",2025-03-24,Completed
"Language and Literature and Data Analytics Fair",2023-05-25,Completed
"Faculty Media Production Assembly",2024-07-21,Completed
"Community Teaching Excellence Forum",2024-07-23,Completed
"Athletics and Sustainability Mentoring Day",2024-07-15,Completed
"Future-Ready Alumni Engagement Showcase",2023-04-23,Completed
"Hospitality and Language and Literature Congress",2025-09-09,Completed
"Financial Literacy Bootcamp",2026-10-08,Upcoming
"Sustainability Seminar",2025-08-02,Completed
"Public Speaking and Career Development Training",2025-12-09,Completed
"Health Awareness Mentoring Day",2024-06-14,Completed
"Young Leaders Digital Literacy Showcase",2025-06-01,Completed
"Wellness and Campus Journalism Showcase",2023-03-19,Completed
"Applied Psychology Forum",2025-10-05,Completed
"Leadership Congress",2025-12-30,Completed
"Data Analytics Dialogue",2026-02-10,Completed
"College Media Production Forum",2026-06-01,Upcoming
"Teaching Excellence Seminar",2024-02-11,Completed
"Science Education and Alumni Engagement Learning Session",2026-02-23,Completed
"Cybersecurity and Inclusive Education Workshop",2024-07-18,Completed
"Hospitality and Alumni Engagement Symposium",2026-06-02,Upcoming
"Robotics and Science Education Learning Session",2026-11-27,Upcoming
"Digital Literacy and Nursing Care Expo",2023-03-01,Completed
"Future-Ready Tourism Mentoring Day",2026-04-20,Completed
"Media Production Bootcamp",2024-05-03,Completed
"Teacher Training Congress",2025-07-12,Completed
"Faculty Digital Literacy Orientation",2025-09-30,Completed
"Volunteerism and Sustainability Seminar",2024-09-29,Completed
"Applied Research Assembly",2025-12-16,Completed
"Interdepartmental Entrepreneurship Forum",2023-02-11,Completed
"Public Speaking and Environmental Awareness Bootcamp",2025-07-23,Completed
"Campus Journalism and Cybersecurity Series",2026-09-01,Upcoming
"Student Nursing Care Colloquium",2023-09-24,Completed
"Robotics and Alumni Engagement Camp",2025-08-27,Completed
"Faculty Teacher Training Assembly",2024-09-24,Completed
"Research and Alumni Engagement Camp",2025-07-09,Completed
"Student Campus Journalism Congress",2023-11-12,Completed
"College Hospitality Training",2026-09-07,Upcoming
"Annual Cybersecurity Colloquium",2025-09-21,Completed
"Entrepreneurship Summit",2023-07-09,Completed
"Language and Literature and Robotics Colloquium",2025-11-19,Completed
"Business Management and Inclusive Education Showcase",2026-07-17,Upcoming
"Entrepreneurship and STEM Showcase",2024-11-08,Completed
"Campus Financial Literacy Assembly",2024-02-26,Completed
"Campus Journalism Forum",2023-01-20,Completed
"Arts and Culture and Mental Health Symposium",2025-02-18,Completed
"College Health Awareness Seminar",2023-01-30,Completed
"College Teacher Training Expo",2024-01-10,Completed
"Inclusive STEM Symposium",2026-10-09,Upcoming
"Community Outreach Workshop",2026-03-20,Completed
"Young Leaders Career Development Symposium",2025-03-08,Completed
"Financial Literacy Fair",2024-03-09,Completed
"Academic Excellence Congress",2026-05-22,Upcoming
"Campus Journalism and Hospitality Forum",2024-08-11,Completed
"Leadership and Volunteerism Symposium",2024-10-06,Completed
"Mental Health and Teaching Excellence Workshop",2025-09-10,Completed
"Data Analytics Showcase",2024-01-05,Completed
"Alumni Engagement Orientation",2025-03-03,Completed
"Arts and Culture and Cybersecurity Mentoring Day",2024-04-10,Completed
"Innovation and Campus Journalism Dialogue",2025-07-14,Completed
"Faculty Teaching Excellence Congress",2025-01-14,Completed
"Debate Congress",2024-10-07,Completed
"Entrepreneurship and Mental Health Dialogue",2025-01-26,Completed
"Robotics and Academic Excellence Camp",2024-09-02,Completed
"Psychology Assembly",2023-05-30,Completed
"Tourism and Digital Literacy Congress",2025-10-20,Completed
"Tourism and Environmental Awareness Mentoring Day",2023-09-25,Completed
"Wellness and Robotics Bootcamp",2023-02-01,Completed
"Student Government and Psychology Conference",2024-12-11,Completed
"Business Management and Financial Literacy Workshop",2023-06-26,Completed
"Applied Teacher Training Showcase",2025-01-21,Completed
"University-Wide Disaster Preparedness Camp",2023-02-09,Completed
"Applied Teacher Training Orientation",2025-07-31,Completed
"Arts and Culture Fair",2025-11-25,Completed
"Sustainability Dialogue",2024-12-10,Completed
"Community Outreach and Disaster Preparedness Dialogue",2025-11-04,Completed
"Academic Excellence Expo",2024-08-31,Completed
"Future-Ready Tourism Series",2026-04-25,Upcoming
"Interdepartmental Public Speaking Training",2024-07-13,Completed
"Leadership and Science Education Mentoring Day",2025-04-04,Completed
"Science Education and Media Production Assembly",2026-05-10,Upcoming
"Mental Health and Athletics Seminar",2025-01-02,Completed
"Mental Health Expo",2025-12-01,Completed
"Digital Literacy Symposium",2023-07-18,Completed
"Campus Journalism and Tourism Learning Session",2023-02-16,Completed
"Data Analytics and Mental Health Forum",2024-08-27,Completed
"Young Leaders Disaster Preparedness Showcase",2023-12-28,Completed
"College Digital Literacy Summit",2026-11-04,Upcoming
"Community Outreach Assembly",2024-02-03,Completed
"Industry-Academe Financial Literacy Congress",2025-01-23,Completed
"Campus Journalism and Career Development Series",2024-02-03,Completed
"Data Analytics and Academic Excellence Series",2024-10-22,Completed
"Student STEM Fair",2026-12-19,Upcoming
"Teacher Training Learning Session",2024-06-04,Completed
"Business Management Seminar",2024-03-29,Completed
"Data Analytics and Health Awareness Fair",2023-09-14,Completed
"Faculty Campus Journalism Dialogue",2023-04-11,Completed
"Sustainability Showcase",2025-03-30,Completed
"Annual Athletics Mentoring Day",2023-06-14,Completed
"Language and Literature and Public Speaking Showcase",2023-04-09,Completed
"Health Awareness Congress",2024-11-15,Completed
"Interdepartmental Environmental Awareness Mentoring Day",2023-10-14,Completed
"Creative Mental Health Expo",2025-08-21,Completed
"Environmental Awareness and Athletics Fair",2024-09-21,Completed
"Business Management Congress",2023-12-12,Completed
"Interdepartmental Athletics Assembly",2024-08-26,Completed
"Digital Literacy Camp",2024-11-14,Completed
"Entrepreneurship and Wellness Expo",2026-12-19,Upcoming
"Environmental Awareness Colloquium",2025-10-21,Completed
"Arts and Culture Fair",2026-05-27,Upcoming
"Inclusive Education and Sustainability Conference",2024-01-01,Completed
"Disaster Preparedness Dialogue",2024-04-24,Completed
"Faculty Career Development Symposium",2024-02-24,Completed
"Tourism Expo",2026-12-12,Upcoming
"University-Wide Hospitality Forum",2025-04-26,Completed
"Inclusive Environmental Awareness Orientation",2023-06-25,Completed
"Future-Ready Academic Excellence Assembly",2024-09-06,Completed
"Business Management Conference",2026-08-31,Upcoming
"Regional Environmental Awareness Training",2023-02-08,Completed
"Debate Training",2025-10-04,Completed
"Hospitality and Athletics Bootcamp",2024-06-29,Completed
"Mental Health Dialogue",2024-07-02,Completed
"Annual Sustainability Congress",2025-01-25,Completed
"Leadership and Language and Literature Orientation",2025-01-22,Completed
"Financial Literacy and Wellness Congress",2023-11-19,Completed
"Inclusive Education Colloquium",2026-11-09,Upcoming
"Volunteerism Camp",2025-05-18,Completed
"University-Wide Campus Journalism Series",2023-01-12,Completed
"Annual Health Awareness Showcase",2026-09-10,Upcoming
"Industry-Academe Student Government Conference",2026-07-04,Upcoming
"Community Hospitality Showcase",2026-03-07,Completed
"Community Career Development Training",2024-06-30,Completed
"Nursing Care Expo",2025-11-18,Completed
"Media Production Orientation",2023-04-08,Completed
"Creative Cybersecurity Seminar",2024-03-09,Completed
"Service Learning Dialogue",2023-11-09,Completed
"Faculty Cybersecurity Bootcamp",2024-02-29,Completed
"Faculty Digital Literacy Orientation",2023-07-05,Completed
"Applied Student Government Showcase",2024-06-06,Completed
"College Data Analytics Workshop",2023-07-21,Completed
"Research and Health Awareness Camp",2025-08-16,Completed
"College Science Education Showcase",2026-07-11,Upcoming
"Annual Inclusive Education Showcase",2024-05-30,Completed
"Business Management and Sustainability Summit",2025-09-25,Completed
"Applied Campus Journalism Mentoring Day",2023-09-29,Completed
"Research and Engineering Design Orientation",2026-11-16,Upcoming
"Public Speaking and Science Education Mentoring Day",2024-11-22,Completed
"Sustainability and Language and Literature Orientation",2025-01-19,Completed
"Young Leaders Hospitality Summit",2025-09-22,Completed
"Financial Literacy Symposium",2024-02-02,Completed
"Psychology Forum",2026-08-11,Upcoming
"Mental Health and Entrepreneurship Forum",2025-06-07,Completed
"Community Teaching Excellence Showcase",2025-12-10,Completed
"Athletics and Tourism Fair",2025-05-15,Completed
"Annual Research Camp",2023-09-11,Completed
"Debate and STEM Forum",2023-09-04,Completed
"Public Speaking Training",2025-10-17,Completed
"University-Wide Volunteerism Expo",2026-02-14,Completed
"University-Wide Teaching Excellence Workshop",2024-11-22,Completed
"Annual STEM Camp",2023-03-19,Completed
"Interdepartmental Teaching Excellence Showcase",2026-05-05,Upcoming
"Leadership and Hospitality Dialogue",2026-06-17,Upcoming
"Entrepreneurship Learning Session",2026-01-24,Completed
"Environmental Awareness and Financial Literacy Camp",2023-10-19,Completed
"Environmental Awareness Training",2026-09-03,Upcoming
"Campus Hospitality Training",2023-09-10,Completed
"Campus Journalism and Service Learning Camp",2026-10-16,Upcoming
"Mental Health and STEM Assembly",2025-02-01,Completed
"Annual Career Development Camp",2023-11-18,Completed
"College Inclusive Education Training",2024-01-28,Completed
"Interdepartmental Campus Journalism Summit",2025-08-26,Completed
"Interdepartmental Volunteerism Workshop",2024-04-05,Completed
"Mental Health Seminar",2026-04-21,Ongoing
"Digital Literacy and Nursing Care Seminar",2025-07-30,Completed
"Debate and Teaching Excellence Congress",2023-12-25,Completed
"Mental Health Orientation",2025-11-01,Completed
"Teaching Excellence and Community Outreach Congress",2024-12-19,Completed
"Campus Business Management Assembly",2025-11-20,Completed
"Robotics Forum",2023-02-02,Completed
"Innovation Fair",2024-10-19,Completed
"Academic Excellence and Entrepreneurship Showcase",2025-10-06,Completed
"Interdepartmental Community Outreach Learning Session",2026-09-08,Upcoming
"Disaster Preparedness and Wellness Mentoring Day",2023-08-14,Completed
"Cybersecurity Symposium",2026-04-21,Ongoing
"Volunteerism and Health Awareness Summit",2025-02-20,Completed
"Leadership and Cybersecurity Series",2026-07-15,Upcoming
"Inclusive Disaster Preparedness Training",2025-05-17,Completed
"Interdepartmental Health Awareness Dialogue",2025-05-09,Completed
"Student Robotics Summit",2024-09-08,Completed
"University-Wide Campus Journalism Congress",2025-02-22,Completed
"Industry-Academe Tourism Mentoring Day",2026-03-25,Completed
"Career Development and Digital Literacy Symposium",2025-03-26,Completed
"Interdepartmental Volunteerism Dialogue",2025-02-15,Completed
"Student Government Workshop",2024-10-29,Completed
"Science Education Fair",2024-08-20,Completed
"Annual Language and Literature Conference",2026-12-04,Upcoming
"Entrepreneurship and Tourism Conference",2023-10-26,Completed
"Alumni Engagement and Media Production Forum",2025-12-01,Completed
"Student Public Speaking Expo",2026-10-23,Upcoming
"STEM and Psychology Showcase",2026-11-24,Upcoming
"Language and Literature and Debate Expo",2023-05-28,Completed
"STEM Summit",2026-05-19,Upcoming
"Tourism Camp",2024-08-16,Completed
"Cybersecurity Training",2026-12-30,Upcoming
"Community Athletics Congress",2023-07-20,Completed
"Entrepreneurship Colloquium",2024-12-16,Completed
"Student Inclusive Education Assembly",2024-06-14,Completed
"Science Education Mentoring Day",2026-09-10,Upcoming
"University-Wide Alumni Engagement Dialogue",2024-03-24,Completed
"Faculty Hospitality Fair",2025-04-27,Completed
"Young Leaders Campus Journalism Bootcamp",2025-10-16,Completed
"Teacher Training Learning Session",2024-12-14,Completed
"Applied Leadership Congress",2023-12-27,Completed
"Volunteerism Fair",2024-05-26,Completed
"Community Student Government Assembly",2024-05-09,Completed
"Faculty Robotics Congress",2026-10-09,Upcoming
"Campus Journalism Assembly",2024-09-20,Completed
"Engineering Design Series",2023-05-14,Completed
"Environmental Awareness and Tourism Summit",2023-04-03,Completed
"Campus Wellness Workshop",2023-02-17,Completed
"Sustainability Expo",2023-11-11,Completed
"Inclusive Education and Leadership Assembly",2025-02-04,Completed
"Hospitality Bootcamp",2023-08-18,Completed
"Language and Literature Colloquium",2023-02-17,Completed
"Young Leaders Debate Assembly",2025-06-17,Completed
"Industry-Academe Mental Health Orientation",2026-05-07,Upcoming
"Campus Teacher Training Assembly",2023-08-03,Completed
"Nursing Care and Science Education Mentoring Day",2025-02-06,Completed
"Data Analytics and Athletics Workshop",2023-07-10,Completed
"Sustainability and Public Speaking Colloquium",2024-10-02,Completed
"Community Campus Journalism Dialogue",2025-07-16,Completed
"Engineering Design Orientation",2023-12-13,Completed
"Service Learning Assembly",2025-10-09,Completed
"Student Service Learning Seminar",2025-12-27,Completed
"Debate and Campus Journalism Orientation",2023-08-08,Completed
"Industry-Academe Psychology Mentoring Day",2023-11-25,Completed
"Interdepartmental Student Government Assembly",2024-03-15,Completed
"Student Mental Health Summit",2026-01-29,Completed
"Science Education Mentoring Day",2024-05-30,Completed
"College Data Analytics Assembly",2026-01-26,Completed
"Career Development Showcase",2026-10-30,Upcoming
"University-Wide Engineering Design Congress",2026-05-08,Upcoming
"Annual Tourism Training",2025-12-16,Completed
"Student Academic Excellence Mentoring Day",2023-08-05,Completed
"Teacher Training Training",2023-10-27,Completed
"Environmental Awareness Showcase",2023-05-23,Completed
"Volunteerism Learning Session",2023-05-29,Completed
"Teaching Excellence Forum",2024-05-05,Completed
"University-Wide Athletics Assembly",2023-07-08,Completed
"Campus Hospitality Mentoring Day",2023-06-16,Completed
"Sustainability Summit",2023-10-20,Completed
"Applied Financial Literacy Seminar",2026-07-19,Upcoming
"Financial Literacy Camp",2024-03-28,Completed
"Community Business Management Training",2024-09-15,Completed
"Campus Robotics Seminar",2025-03-20,Completed
"University-Wide Athletics Forum",2026-04-19,Completed
"Future-Ready Volunteerism Seminar",2025-10-24,Completed
"Teaching Excellence Bootcamp",2026-09-09,Upcoming
"Young Leaders STEM Learning Session",2026-01-10,Completed
"Industry-Academe Wellness Assembly",2026-05-22,Upcoming
"Media Production and Volunteerism Showcase",2024-08-05,Completed
"Student Sustainability Assembly",2025-01-01,Completed
"Campus Journalism and Teaching Excellence Mentoring Day",2024-03-17,Completed
"Science Education Training",2023-09-28,Completed
"Teaching Excellence Training",2023-12-20,Completed
"University-Wide Student Government Mentoring Day",2024-10-13,Completed
"Business Management Orientation",2024-11-12,Completed
"Sustainability Seminar",2026-01-16,Completed
"University-Wide Environmental Awareness Showcase",2023-10-29,Completed
"Language and Literature Bootcamp",2025-06-17,Completed
"Career Development Series",2024-04-02,Completed
"Media Production and Debate Camp",2026-09-09,Upcoming
"Athletics Bootcamp",2025-03-30,Completed
"Research and Data Analytics Mentoring Day",2026-06-30,Upcoming
"Entrepreneurship Symposium",2026-07-05,Upcoming
"Industry-Academe Academic Excellence Learning Session",2023-05-21,Completed
"STEM and Engineering Design Series",2026-02-23,Completed
"Interdepartmental Business Management Orientation",2024-08-10,Completed
"Mental Health Congress",2026-11-26,Upcoming
"Disaster Preparedness Showcase",2024-08-23,Completed
"Tourism and Athletics Summit",2023-06-16,Completed
"Career Development and Academic Excellence Learning Session",2023-08-21,Completed
"Student Government and Data Analytics Learning Session",2023-07-07,Completed
"Financial Literacy Training",2026-07-08,Upcoming
"Engineering Design and Service Learning Assembly",2023-12-04,Completed
"University-Wide Alumni Engagement Learning Session",2024-02-27,Completed
"Future-Ready Hospitality Bootcamp",2025-10-19,Completed
"Young Leaders Alumni Engagement Seminar",2023-01-20,Completed
"Athletics and Disaster Preparedness Dialogue",2024-08-19,Completed
"Disaster Preparedness Learning Session",2025-02-19,Completed
"Robotics and Teacher Training Mentoring Day",2025-08-03,Completed
"Nursing Care and Inclusive Education Showcase",2025-03-28,Completed
"Service Learning and Hospitality Colloquium",2025-02-16,Completed
"Media Production Conference",2025-07-19,Completed
"Community Hospitality Congress",2023-01-27,Completed
"Mental Health Training",2026-08-24,Upcoming
"Engineering Design Workshop",2024-01-27,Completed
"STEM Congress",2025-06-13,Completed
"Cybersecurity and Hospitality Bootcamp",2023-11-08,Completed
"Faculty Alumni Engagement Fair",2025-05-30,Completed
"Wellness Showcase",2023-07-05,Completed
"Student Disaster Preparedness Assembly",2025-07-23,Completed
"Industry-Academe Teaching Excellence Bootcamp",2025-08-30,Completed
"Community Digital Literacy Seminar",2024-01-06,Completed
"Innovation and Psychology Forum",2024-06-13,Completed
"Creative Disaster Preparedness Seminar",2026-08-20,Upcoming
"Public Speaking and Arts and Culture Workshop",2025-01-21,Completed
"Environmental Awareness and Sustainability Workshop",2025-04-13,Completed
"Athletics and Volunteerism Learning Session",2026-04-12,Completed
"Tourism Forum",2024-10-29,Completed
"Campus Journalism Dialogue",2024-11-23,Completed
"University-Wide Digital Literacy Assembly",2026-05-20,Upcoming
"Media Production and Student Government Summit",2024-09-09,Completed
"Financial Literacy and Leadership Mentoring Day",2023-09-21,Completed
"Nursing Care and Language and Literature Expo",2024-02-27,Completed
"Data Analytics and Research Colloquium",2023-11-18,Completed
"Public Speaking Camp",2023-05-05,Completed
"Science Education and Sustainability Bootcamp",2025-10-06,Completed
"Business Management and Science Education Bootcamp",2025-03-01,Completed
"Inclusive Education and Psychology Expo",2025-06-30,Completed
"University-Wide STEM Conference",2025-09-12,Completed
"Alumni Engagement and Innovation Mentoring Day",2023-11-07,Completed
"Robotics Camp",2024-08-27,Completed
"College Alumni Engagement Learning Session",2024-12-06,Completed
"Environmental Awareness Dialogue",2026-11-19,Upcoming
"Research and Engineering Design Series",2026-07-22,Upcoming
"Campus Journalism Series",2024-08-17,Completed
"Public Speaking and Wellness Learning Session",2024-07-12,Completed
"Financial Literacy Expo",2026-06-08,Upcoming
"Tourism Camp",2026-01-23,Completed
"Financial Literacy Expo",2024-08-16,Completed
"Annual Tourism Symposium",2025-09-17,Completed
"Environmental Awareness Colloquium",2025-12-27,Completed
"Tourism Forum",2024-04-20,Completed
"Debate and Volunteerism Fair",2026-04-02,Completed
"Athletics Dialogue",2025-10-31,Completed
"Teaching Excellence Orientation",2023-06-08,Completed
"Annual Business Management Seminar",2026-09-30,Upcoming
"Debate and Psychology Expo",2024-10-19,Completed
"Health Awareness Colloquium",2023-09-15,Completed
"College Service Learning Expo",2023-10-29,Completed
"Regional Wellness Conference",2023-07-06,Completed
"Student Government and Engineering Design Showcase",2026-10-12,Upcoming
"Mental Health Conference",2026-11-18,Upcoming
"Debate and Media Production Bootcamp",2026-03-10,Completed
"Leadership Showcase",2026-03-25,Completed
"Young Leaders Psychology Congress",2024-04-11,Completed
"Applied Entrepreneurship Series",2026-03-12,Completed
"Volunteerism Summit",2025-06-18,Completed
"Robotics Dialogue",2025-01-23,Completed
"Service Learning Symposium",2026-12-10,Upcoming
"Research Training",2025-07-28,Completed
"Psychology Summit",2025-08-04,Completed
"Media Production and Hospitality Training",2023-10-12,Completed
"University-Wide Student Government Expo",2023-06-25,Completed
"Language and Literature and Teacher Training Colloquium",2024-02-15,Completed
"Health Awareness Series",2025-08-26,Completed
"Student Government Conference",2026-03-10,Completed
"Engineering Design Training",2024-10-27,Completed
"Nursing Care Colloquium",2025-07-25,Completed
"Creative Volunteerism Learning Session",2026-03-06,Completed
"Young Leaders Service Learning Colloquium",2025-03-27,Completed
"Applied Language and Literature Assembly",2025-11-07,Completed
"Research Conference",2023-04-08,Completed
"Service Learning and Teacher Training Symposium",2023-10-18,Completed
"Campus Journalism and Science Education Conference",2024-03-31,Completed
"Community Outreach and Sustainability Expo",2025-07-17,Completed
"Tourism and Science Education Learning Session",2023-10-27,Completed
"Innovation Series",2026-06-18,Upcoming
"Mental Health Orientation",2023-08-28,Completed
"Faculty Disaster Preparedness Summit",2024-01-09,Completed
"University-Wide Academic Excellence Showcase",2026-11-12,Upcoming
"Community Innovation Congress",2025-06-29,Completed
"Career Development Workshop",2026-05-17,Upcoming
"Career Development and Language and Literature Conference",2025-01-05,Completed
"Public Speaking and Psychology Series",2023-09-19,Completed
"Faculty Debate Mentoring Day",2025-04-08,Completed
"Psychology Expo",2026-10-28,Upcoming
"Industry-Academe Data Analytics Summit",2023-10-09,Completed
"Future-Ready Nursing Care Learning Session",2023-03-05,Completed
"Psychology and Inclusive Education Forum",2025-05-20,Completed
"Data Analytics Series",2024-05-03,Completed
"Financial Literacy Forum",2025-02-02,Completed
"Community Outreach Learning Session",2024-08-17,Completed
"Entrepreneurship Conference",2023-12-09,Completed
"Robotics and Hospitality Mentoring Day",2023-12-05,Completed
"Teaching Excellence and Tourism Workshop",2025-05-23,Completed
"Regional Innovation Colloquium",2025-06-07,Completed
"Research Training",2026-06-22,Upcoming
"Regional Campus Journalism Conference",2025-05-07,Completed
"Entrepreneurship Summit",2024-06-20,Completed
"Psychology and Science Education Learning Session",2026-02-20,Completed
"Campus Teaching Excellence Bootcamp",2023-04-01,Completed
"Cybersecurity Forum",2023-01-12,Completed
"Volunteerism and Entrepreneurship Fair",2023-02-11,Completed
"Future-Ready STEM Forum",2024-01-02,Completed
"Career Development and STEM Seminar",2026-10-13,Upcoming
"Language and Literature and Public Speaking Bootcamp",2025-05-13,Completed
"Leadership Forum",2025-05-03,Completed
"Science Education Series",2025-08-06,Completed
"University-Wide Community Outreach Workshop",2023-05-23,Completed
"Young Leaders Engineering Design Symposium",2023-09-19,Completed
"Mental Health and Volunteerism Congress",2024-01-08,Completed
"Creative Teaching Excellence Symposium",2024-12-03,Completed
"Environmental Awareness and STEM Fair",2023-05-31,Completed
"STEM and Business Management Mentoring Day",2025-08-24,Completed
"Debate and Psychology Congress",2026-01-29,Completed
"Young Leaders Public Speaking Forum",2023-04-25,Completed
"Nursing Care Congress",2026-04-15,Completed
"Faculty Psychology Orientation",2026-05-03,Upcoming
"Inclusive Science Education Orientation",2026-07-13,Upcoming
"Wellness Expo",2024-04-02,Completed
"Annual Alumni Engagement Workshop",2023-09-02,Completed
"Digital Literacy and Arts and Culture Series",2023-10-22,Completed
"Innovation and Service Learning Summit",2024-09-23,Completed
"Future-Ready Digital Literacy Conference",2025-07-12,Completed
"Athletics Congress",2023-07-29,Completed
"Applied Debate Training",2026-12-12,Upcoming
"Public Speaking Dialogue",2023-12-10,Completed
"Inclusive Education and Environmental Awareness Camp",2023-09-10,Completed
"Nursing Care Seminar",2025-12-22,Completed
"Debate and Service Learning Learning Session",2024-04-07,Completed
"Career Development Expo",2023-04-10,Completed
"Leadership and Disaster Preparedness Showcase",2025-08-09,Completed
"Psychology and Teaching Excellence Conference",2026-09-24,Upcoming
"College Health Awareness Workshop",2025-05-05,Completed
"Media Production Colloquium",2026-01-04,Completed
"University-Wide Community Outreach Congress",2024-12-31,Completed
"Applied Media Production Showcase",2026-01-27,Completed
"Inclusive Cybersecurity Congress",2024-03-20,Completed
"Sustainability and Business Management Expo",2024-04-24,Completed
"Leadership and STEM Camp",2024-10-23,Completed
"Athletics and Disaster Preparedness Symposium",2024-09-17,Completed
"Public Speaking Forum",2026-08-05,Upcoming
"Annual Career Development Conference",2025-12-16,Completed
"Future-Ready Nursing Care Symposium",2024-10-24,Completed
"Teaching Excellence and Debate Training",2024-07-27,Completed
"Public Speaking Series",2026-04-21,Ongoing
"Faculty Teacher Training Mentoring Day",2023-03-17,Completed
"Science Education Workshop",2023-09-23,Completed
"Psychology and Media Production Series",2024-01-15,Completed
"Nursing Care and Tourism Conference",2023-12-11,Completed
"Annual Research Forum",2026-08-11,Upcoming
"Community Outreach Assembly",2024-07-26,Completed
"Teaching Excellence Colloquium",2025-03-11,Completed
"Interdepartmental Mental Health Symposium",2025-03-04,Completed
"Inclusive Education and Robotics Fair",2026-11-13,Upcoming
"Nursing Care Conference",2026-07-01,Upcoming
"Mental Health Fair",2024-06-11,Completed
"Campus Journalism Series",2025-09-27,Completed
"Leadership Bootcamp",2026-07-16,Upcoming
"Industry-Academe Career Development Expo",2026-11-19,Upcoming
"Regional Alumni Engagement Showcase",2025-12-18,Completed
"Language and Literature Camp",2023-07-23,Completed
"Sustainability and Service Learning Dialogue",2023-07-21,Completed
"Tourism Bootcamp",2025-10-28,Completed
"Athletics and Teaching Excellence Assembly",2025-03-07,Completed
"Robotics and Teaching Excellence Learning Session",2024-12-08,Completed
"Health Awareness Workshop",2026-06-17,Upcoming
"Community Outreach Training",2026-11-18,Upcoming
"Hospitality Bootcamp",2026-12-29,Upcoming
"Annual Community Outreach Forum",2025-04-04,Completed
"Innovation and Academic Excellence Assembly",2023-07-22,Completed
"Campus Journalism Symposium",2024-05-26,Completed
"Health Awareness and Business Management Symposium",2024-03-17,Completed
"Psychology Dialogue",2025-03-05,Completed
"Wellness Summit",2026-08-17,Upcoming
"Engineering Design and Language and Literature Learning Session",2024-11-02,Completed
"Nursing Care and STEM Summit",2024-07-05,Completed
"Young Leaders Business Management Workshop",2026-09-18,Upcoming
"Industry-Academe Research Congress",2024-09-22,Completed
"Regional Data Analytics Assembly",2025-06-09,Completed
"STEM Expo",2024-12-03,Completed
"Academic Excellence and Teacher Training Learning Session",2023-09-09,Completed
"Wellness and Academic Excellence Series",2026-09-17,Upcoming
"College Innovation Mentoring Day",2025-03-09,Completed
"University-Wide STEM Series",2025-05-07,Completed
"Nursing Care and Digital Literacy Fair",2024-04-16,Completed
"Business Management and Sustainability Seminar",2026-10-24,Upcoming
"Interdepartmental Entrepreneurship Symposium",2024-07-29,Completed
"Inclusive Education and Tourism Summit",2025-10-21,Completed
"Applied Business Management Series",2026-03-26,Completed
"Language and Literature Series",2025-03-25,Completed
"Disaster Preparedness and Student Government Assembly",2024-12-04,Completed
"Science Education Expo",2023-12-07,Completed
"Research Assembly",2025-09-08,Completed
"Community Nursing Care Series",2026-04-05,Completed
"Digital Literacy Congress",2024-01-02,Completed
"Regional Language and Literature Symposium",2023-01-17,Completed
"Inclusive Business Management Symposium",2023-11-05,Completed
"Young Leaders Data Analytics Forum",2026-08-27,Upcoming
"Campus Disaster Preparedness Showcase",2023-07-17,Completed
"Future-Ready Robotics Conference",2025-11-11,Completed
"Community Business Management Dialogue",2024-12-24,Completed
"Robotics and Cybersecurity Summit",2023-11-27,Completed
"Faculty Research Congress",2025-09-06,Completed
"Athletics and Teaching Excellence Mentoring Day",2026-08-12,Upcoming
"Nursing Care Series",2023-03-03,Completed
"Teaching Excellence Series",2023-02-16,Completed
"Research and Financial Literacy Assembly",2024-09-25,Completed
"Athletics Orientation",2025-01-23,Completed
"Entrepreneurship and Teaching Excellence Bootcamp",2025-01-15,Completed
"Psychology and Health Awareness Orientation",2026-11-28,Upcoming
"Leadership Forum",2023-09-11,Completed
"Community Outreach Forum",2023-06-23,Completed
"Arts and Culture Learning Session",2023-10-28,Completed
"Community Outreach Colloquium",2024-12-23,Completed
"Tourism Seminar",2024-04-14,Completed
"Entrepreneurship and Inclusive Education Assembly",2023-02-21,Completed
"Leadership and Academic Excellence Assembly",2025-08-07,Completed
"Sustainability Bootcamp",2026-01-13,Completed
"Nursing Care Seminar",2024-02-22,Completed
"College Robotics Assembly",2026-08-23,Upcoming
"College Debate Dialogue",2023-10-18,Completed
"Community Outreach and Engineering Design Seminar",2023-01-11,Completed
"Research Camp",2023-08-12,Completed
"Public Speaking and Innovation Learning Session",2023-06-11,Completed
"Public Speaking Workshop",2026-08-20,Upcoming
"Inclusive Robotics Mentoring Day",2026-03-24,Completed
"Applied Health Awareness Summit",2023-11-23,Completed
"Inclusive Business Management Camp",2025-12-16,Completed
"Digital Literacy and Psychology Dialogue",2026-03-19,Completed
"Future-Ready Community Outreach Conference",2025-12-12,Completed
"Community Outreach Workshop",2023-02-27,Completed
"Creative Debate Forum",2026-11-06,Upcoming
"Data Analytics and Arts and Culture Learning Session",2025-11-06,Completed
"Regional Robotics Forum",2025-01-18,Completed
"Teaching Excellence and Teacher Training Series",2026-01-04,Completed
"College Sustainability Mentoring Day",2025-07-14,Completed
"Psychology Forum",2024-12-01,Completed
"Industry-Academe Data Analytics Summit",2024-07-27,Completed
"Young Leaders Debate Symposium",2024-02-08,Completed
"Applied Business Management Orientation",2024-05-10,Completed
"Career Development and Sustainability Mentoring Day",2023-02-16,Completed
"Regional Entrepreneurship Forum",2023-04-18,Completed
"Nursing Care Training",2026-12-18,Upcoming
"College Data Analytics Orientation",2024-01-14,Completed
"University-Wide Mental Health Conference",2026-05-28,Upcoming
"Faculty Cybersecurity Mentoring Day",2023-08-26,Completed
"Career Development Bootcamp",2025-10-27,Completed
"Annual Environmental Awareness Workshop",2023-03-15,Completed
"Business Management and Engineering Design Assembly",2026-02-23,Completed
"Interdepartmental Mental Health Colloquium",2025-12-22,Completed
"Annual Environmental Awareness Symposium",2023-08-14,Completed
"Community Inclusive Education Symposium",2024-07-24,Completed
"Interdepartmental Arts and Culture Series",2024-11-02,Completed
"Industry-Academe Academic Excellence Assembly",2026-08-11,Upcoming
"Cybersecurity and Athletics Expo",2026-11-12,Upcoming
"Student Government Assembly",2024-02-25,Completed
"Digital Literacy and Alumni Engagement Fair",2025-06-26,Completed
"University-Wide Financial Literacy Assembly",2024-10-01,Completed
"Innovation and Volunteerism Bootcamp",2026-07-16,Upcoming
"Community Outreach and Public Speaking Fair",2023-10-20,Completed
"Creative Environmental Awareness Camp",2025-11-05,Completed
"Alumni Engagement Seminar",2026-03-28,Completed
"Young Leaders Leadership Congress",2026-02-06,Completed
"University-Wide Science Education Conference",2025-06-01,Completed
"Public Speaking Fair",2024-10-27,Completed
"Creative Language and Literature Workshop",2025-08-19,Completed
"Annual Science Education Series",2024-08-04,Completed
"Future-Ready Sustainability Congress",2023-12-26,Completed
"Faculty Disaster Preparedness Symposium",2023-05-11,Completed
"Career Development and Teaching Excellence Learning Session",2026-01-28,Completed
"Sustainability and Hospitality Conference",2024-04-17,Completed
"Nursing Care and Mental Health Symposium",2024-05-21,Completed
"Financial Literacy Bootcamp",2024-10-15,Completed
"Teaching Excellence Assembly",2024-05-05,Completed
"Arts and Culture and Mental Health Expo",2024-12-04,Completed
"Health Awareness Assembly",2025-03-05,Completed
"Interdepartmental Debate Orientation",2025-03-21,Completed
"Teacher Training and Academic Excellence Learning Session",2023-12-20,Completed
"Regional Public Speaking Mentoring Day",2024-07-22,Completed
"Volunteerism and Media Production Assembly",2026-04-15,Completed
"Campus Data Analytics Workshop",2025-02-04,Completed
"Inclusive Hospitality Showcase",2025-07-13,Completed
"Future-Ready Alumni Engagement Symposium",2026-10-19,Upcoming
"Debate Learning Session",2023-12-09,Completed
"Inclusive Hospitality Expo",2023-01-08,Completed
"Environmental Awareness Seminar",2026-06-03,Upcoming
"Alumni Engagement Workshop",2023-07-31,Completed
"Data Analytics and Career Development Learning Session",2024-11-30,Completed
"Industry-Academe Health Awareness Training",2023-11-26,Completed
"Volunteerism Assembly",2025-06-19,Completed
"Tourism and Service Learning Workshop",2024-04-09,Completed
"Faculty Service Learning Orientation",2023-01-23,Completed
"Tourism and Business Management Showcase",2024-03-25,Completed
"Alumni Engagement Bootcamp",2026-11-01,Upcoming
"Engineering Design and Inclusive Education Assembly",2025-03-24,Completed
"Data Analytics Showcase",2025-10-24,Completed
"Creative Tourism Seminar",2024-02-26,Completed
"Inclusive Education Assembly",2025-01-08,Completed
"Business Management Learning Session",2025-05-16,Completed
"Mental Health Congress",2023-03-10,Completed
"Media Production and Volunteerism Learning Session",2024-12-09,Completed
"Community Language and Literature Series",2026-07-21,Upcoming
"Academic Excellence Mentoring Day",2026-09-06,Upcoming
"Hospitality and Data Analytics Workshop",2023-07-10,Completed
"Service Learning and Innovation Assembly",2025-07-12,Completed
"Engineering Design and Sustainability Expo",2023-02-17,Completed
"Cybersecurity and Academic Excellence Learning Session",2023-04-04,Completed
"Wellness and Community Outreach Workshop",2024-01-24,Completed
"Innovation and Sustainability Expo",2025-04-04,Completed
"Future-Ready Public Speaking Expo",2025-05-01,Completed
"Volunteerism Orientation",2024-07-16,Completed
"Digital Literacy Series",2026-12-13,Upcoming
"University-Wide Business Management Showcase",2023-02-14,Completed
"Psychology Fair",2024-08-19,Completed
"Community Business Management Assembly",2025-08-10,Completed
"Inclusive Education and Disaster Preparedness Conference",2026-04-14,Completed
"Future-Ready Teaching Excellence Workshop",2026-08-07,Upcoming
"College Financial Literacy Assembly",2026-12-04,Upcoming
"Service Learning and Academic Excellence Mentoring Day",2023-05-13,Completed
"Robotics Fair",2025-12-12,Completed
"Research and Innovation Workshop",2024-06-26,Completed
"Business Management and STEM Assembly",2023-05-06,Completed
"Student STEM Assembly",2023-05-22,Completed
"Teaching Excellence and Data Analytics Camp",2023-11-14,Completed
"Future-Ready Science Education Fair",2024-01-08,Completed
"Environmental Awareness and Community Outreach Assembly",2024-11-21,Completed
"Public Speaking and Science Education Bootcamp",2023-03-29,Completed
"Financial Literacy and Research Congress",2026-02-06,Completed
"Service Learning and Cybersecurity Mentoring Day",2025-01-08,Completed
"Industry-Academe Volunteerism Bootcamp",2024-01-10,Completed
"Annual Entrepreneurship Fair",2026-03-28,Completed
"Health Awareness and Business Management Bootcamp",2024-07-06,Completed
"Engineering Design Seminar",2023-06-24,Completed
"Service Learning Series",2023-02-11,Completed
"Regional STEM Colloquium",2026-04-30,Upcoming
"Psychology Assembly",2023-05-17,Completed
"Inclusive Education and Wellness Dialogue",2023-12-05,Completed
"Sustainability and Psychology Series",2023-12-12,Completed
"Campus Media Production Fair",2025-01-16,Completed
"Leadership Camp",2025-06-11,Completed
"Academic Excellence and Campus Journalism Congress",2023-01-15,Completed
"Digital Literacy Mentoring Day",2025-07-10,Completed
"Future-Ready Engineering Design Congress",2023-04-26,Completed
"Wellness and Research Bootcamp",2025-11-03,Completed
"Applied Inclusive Education Camp",2025-03-21,Completed
"Language and Literature and Nursing Care Bootcamp",2025-02-05,Completed
"University-Wide Research Orientation",2024-11-01,Completed
"Creative Cybersecurity Assembly",2024-12-31,Completed
"Robotics and Tourism Seminar",2026-11-20,Upcoming
"University-Wide Academic Excellence Orientation",2026-08-10,Upcoming
"Nursing Care Workshop",2023-10-02,Completed
"Environmental Awareness and Robotics Training",2026-07-04,Upcoming
"Campus Teacher Training Assembly",2023-09-19,Completed
"Robotics and Nursing Care Dialogue",2023-10-09,Completed
"Community Digital Literacy Summit",2024-10-03,Completed
"Campus Service Learning Assembly",2023-11-03,Completed
"Tourism Orientation",2023-05-06,Completed
"Campus Engineering Design Forum",2023-02-05,Completed
"Sustainability and Volunteerism Orientation",2025-07-05,Completed
"Future-Ready Community Outreach Seminar",2023-12-19,Completed
"Health Awareness Symposium",2025-03-03,Completed
"Wellness and Leadership Conference",2023-08-13,Completed
"Annual Science Education Seminar",2024-04-18,Completed
"Psychology and Science Education Summit",2025-01-09,Completed
"Science Education Workshop",2026-06-26,Upcoming
"Annual Nursing Care Showcase",2024-06-16,Completed
"Cybersecurity Colloquium",2026-02-05,Completed
"Community Outreach and Financial Literacy Showcase",2025-06-06,Completed
"Nursing Care and Language and Literature Training",2024-10-22,Completed
"Athletics Mentoring Day",2024-08-27,Completed
"Campus Journalism Seminar",2025-03-12,Completed
"College Service Learning Showcase",2024-04-22,Completed
"Nursing Care and Digital Literacy Expo",2024-02-18,Completed
"University-Wide Service Learning Summit",2024-03-29,Completed
"Wellness Congress",2026-12-17,Upcoming
"Environmental Awareness and Data Analytics Colloquium",2023-02-11,Completed
"Volunteerism and Teaching Excellence Congress",2025-01-25,Completed
"Debate and Robotics Mentoring Day",2026-06-03,Upcoming
"Inclusive Education Mentoring Day",2025-02-18,Completed
"Health Awareness and Entrepreneurship Orientation",2023-06-02,Completed
"Research Summit",2025-09-28,Completed
"Teaching Excellence and Community Outreach Assembly",2026-06-29,Upcoming
"University-Wide Career Development Training",2024-12-24,Completed
"Community Academic Excellence Workshop",2023-12-07,Completed
"Psychology and Volunteerism Camp",2023-02-02,Completed
"Campus Public Speaking Showcase",2025-08-14,Completed
"Volunteerism Learning Session",2024-12-24,Completed
"Young Leaders Entrepreneurship Forum",2024-01-26,Completed
"Inclusive Health Awareness Orientation",2024-06-26,Completed
"Future-Ready Engineering Design Seminar",2024-01-01,Completed
"Future-Ready Hospitality Dialogue",2025-03-11,Completed
"Environmental Awareness and Entrepreneurship Showcase",2026-06-22,Upcoming
"Volunteerism and Media Production Mentoring Day",2023-01-14,Completed
"Public Speaking and Campus Journalism Mentoring Day",2025-06-27,Completed
"Science Education and Engineering Design Summit",2024-11-04,Completed
"Future-Ready Research Orientation",2026-03-26,Completed
"STEM Expo",2024-01-28,Completed
"Applied STEM Symposium",2024-11-12,Completed
"University-Wide Alumni Engagement Series",2026-04-24,Upcoming
"Campus Hospitality Bootcamp",2025-08-25,Completed
"Industry-Academe STEM Mentoring Day",2026-12-28,Upcoming
"College Athletics Learning Session",2026-04-20,Completed
"Robotics Congress",2024-11-14,Completed
"Debate Seminar",2024-08-26,Completed
"Nursing Care Camp",2025-08-13,Completed
"Creative Campus Journalism Training",2026-10-07,Upcoming
"Debate and Nursing Care Conference",2023-06-21,Completed
"Arts and Culture Expo",2026-10-27,Upcoming
"Regional STEM Symposium",2024-09-18,Completed
"Tourism and Service Learning Showcase",2024-10-03,Completed
"Annual Innovation Mentoring Day",2024-10-30,Completed
"Student Government Series",2025-01-26,Completed
"Cybersecurity Training",2025-04-17,Completed
"Inclusive Education and Robotics Summit",2025-10-29,Completed
"Community Campus Journalism Training",2023-06-03,Completed
"Service Learning Bootcamp",2025-09-22,Completed
"Research Orientation",2025-11-03,Completed
"Leadership and Sustainability Forum",2023-08-15,Completed
"Wellness Fair",2026-06-27,Upcoming
"Innovation and Data Analytics Fair",2026-03-05,Completed
"Future-Ready Student Government Assembly",2024-01-03,Completed
"Cybersecurity Orientation",2024-12-05,Completed
"Young Leaders Inclusive Education Series",2025-11-21,Completed
"Arts and Culture and Cybersecurity Camp",2025-12-12,Completed
"Financial Literacy and Disaster Preparedness Forum",2026-04-16,Completed
"Academic Excellence Colloquium",2025-05-09,Completed
"Sustainability Dialogue",2026-03-04,Completed
"Student Science Education Conference",2025-10-04,Completed
"Applied Student Government Forum",2025-11-11,Completed
"Inclusive Education and Science Education Bootcamp",2023-12-02,Completed
"Creative Alumni Engagement Series",2024-08-19,Completed
"Mental Health Summit",2024-02-15,Completed
"Regional Community Outreach Assembly",2023-03-24,Completed
"Nursing Care Camp",2025-05-06,Completed
"Public Speaking Fair",2025-05-02,Completed
"Entrepreneurship Summit",2025-08-25,Completed
"Career Development Showcase",2025-01-10,Completed
"Cybersecurity and Disaster Preparedness Symposium",2024-02-15,Completed
"Young Leaders Leadership Colloquium",2023-06-12,Completed
"Mental Health and Academic Excellence Camp",2026-09-09,Upcoming
"Service Learning and Media Production Colloquium",2025-02-08,Completed
"Nursing Care and Community Outreach Showcase",2026-02-20,Completed
"Inclusive Financial Literacy Camp",2026-12-10,Upcoming
"Digital Literacy Bootcamp",2025-12-06,Completed
"Psychology and Student Government Orientation",2024-10-21,Completed
"Wellness Symposium",2024-01-14,Completed
"Faculty Teaching Excellence Workshop",2024-12-15,Completed
"Teaching Excellence Series",2023-10-07,Completed
"Engineering Design Summit",2026-11-23,Upcoming
"Business Management Fair",2024-11-11,Completed
"Data Analytics and Academic Excellence Workshop",2026-05-27,Upcoming
"Service Learning and Science Education Mentoring Day",2023-04-26,Completed
"Sustainability and Student Government Workshop",2025-07-18,Completed
"Digital Literacy and Financial Literacy Symposium",2023-11-08,Completed
"Community Outreach and Disaster Preparedness Assembly",2024-03-05,Completed
"Campus Journalism and Research Learning Session",2025-03-01,Completed
"Community STEM Workshop",2026-07-03,Upcoming
"STEM Training",2025-02-11,Completed
"Language and Literature Series",2023-02-04,Completed
"Alumni Engagement and Media Production Showcase",2024-11-26,Completed
"STEM and Arts and Culture Camp",2024-04-19,Completed
"Inclusive Campus Journalism Fair",2026-10-06,Upcoming
"Industry-Academe Sustainability Orientation",2023-07-24,Completed
"Young Leaders Debate Camp",2026-03-28,Completed
"College Student Government Colloquium",2023-01-11,Completed
"Health Awareness Bootcamp",2024-04-15,Completed
"Athletics Expo",2026-11-01,Upcoming
"Innovation and Environmental Awareness Summit",2024-08-07,Completed
"Digital Literacy Symposium",2024-07-19,Completed
"University-Wide Alumni Engagement Conference",2023-08-15,Completed
"Volunteerism and Environmental Awareness Seminar",2024-05-01,Completed
"Industry-Academe Arts and Culture Fair",2023-06-13,Completed
"Applied Public Speaking Forum",2023-08-22,Completed
"STEM Workshop",2023-02-09,Completed
"Digital Literacy and Cybersecurity Expo",2023-03-14,Completed
"Service Learning and Cybersecurity Mentoring Day",2026-09-06,Upcoming
"Environmental Awareness and Innovation Congress",2025-03-25,Completed
"Debate Bootcamp",2025-10-01,Completed
"Media Production and Business Management Seminar",2023-12-17,Completed
"University-Wide Nursing Care Series",2024-03-08,Completed
"Community Outreach Symposium",2024-05-16,Completed
"Cybersecurity and Health Awareness Dialogue",2024-05-18,Completed
"Faculty Academic Excellence Mentoring Day",2023-08-19,Completed
"Innovation Dialogue",2023-12-24,Completed
"Young Leaders Engineering Design Symposium",2023-01-01,Completed
"Faculty Career Development Expo",2023-03-09,Completed
"Faculty Health Awareness Bootcamp",2023-04-14,Completed
"Engineering Design and Digital Literacy Camp",2026-08-04,Upcoming
"Innovation and Teacher Training Summit",2023-08-14,Completed
"Faculty Mental Health Seminar",2025-06-28,Completed
"Campus Alumni Engagement Expo",2024-07-11,Completed
"Teaching Excellence and Public Speaking Training",2023-11-01,Completed
"Student Teacher Training Expo",2023-03-06,Completed
"Environmental Awareness Mentoring Day",2023-08-31,Completed
"Disaster Preparedness Symposium",2024-10-03,Completed
"Digital Literacy and Alumni Engagement Assembly",2025-11-22,Completed
"Engineering Design and Environmental Awareness Colloquium",2025-06-06,Completed
"Interdepartmental Student Government Learning Session",2026-03-09,Completed
"Student Media Production Camp",2023-05-07,Completed
"Creative Data Analytics Series",2026-09-10,Upcoming
"Campus Journalism Bootcamp",2023-09-28,Completed
"Student Disaster Preparedness Showcase",2025-02-03,Completed
"Arts and Culture and Volunteerism Mentoring Day",2023-05-02,Completed
"Innovation and Arts and Culture Fair",2026-08-12,Upcoming
"Creative Inclusive Education Summit",2025-04-25,Completed
"Wellness and Arts and Culture Fair",2024-11-28,Completed
"Entrepreneurship and Language and Literature Expo",2024-07-16,Completed
"Campus Journalism and Teacher Training Bootcamp",2023-07-26,Completed
"College Arts and Culture Summit",2025-08-30,Completed
"Disaster Preparedness Series",2025-07-28,Completed
"Annual Leadership Mentoring Day",2024-04-12,Completed
"Media Production and Entrepreneurship Learning Session",2026-09-30,Upcoming
"Data Analytics Camp",2025-11-02,Completed
"Psychology Learning Session",2026-09-07,Upcoming
"Inclusive Robotics Seminar",2024-11-17,Completed
"Robotics and Mental Health Training",2026-03-21,Completed
"Inclusive Education and Wellness Mentoring Day",2026-10-20,Upcoming
"Entrepreneurship Mentoring Day",2023-01-14,Completed
"Teaching Excellence and Psychology Assembly",2024-12-16,Completed
"Interdepartmental Academic Excellence Orientation",2025-08-17,Completed
"Disaster Preparedness and Athletics Congress",2026-03-25,Completed
"Data Analytics and Career Development Summit",2026-12-21,Upcoming
"Student Government Summit",2026-02-02,Completed
"Annual Financial Literacy Expo",2023-10-16,Completed
"Alumni Engagement and Athletics Colloquium",2026-12-13,Upcoming
"Inclusive Education and Entrepreneurship Training",2023-02-07,Completed
"Service Learning and Robotics Forum",2025-05-28,Completed
"Interdepartmental Science Education Expo",2025-06-09,Completed
"Student Health Awareness Camp",2025-01-11,Completed
"Tourism and Arts and Culture Mentoring Day",2023-05-16,Completed
"Creative Service Learning Fair",2026-03-21,Completed
"Teacher Training Assembly",2024-01-13,Completed
"Robotics and Science Education Camp",2023-05-16,Completed
"Teaching Excellence and Language and Literature Colloquium",2026-12-06,Upcoming
"Student Government Expo",2024-02-12,Completed
"Career Development Fair",2025-06-02,Completed
"Sustainability and Psychology Orientation",2024-05-09,Completed
"Language and Literature Bootcamp",2024-04-07,Completed
"Tourism and Teacher Training Colloquium",2025-10-28,Completed
"Interdepartmental Academic Excellence Orientation",2025-06-25,Completed
"Service Learning Expo",2025-01-24,Completed
"Wellness Conference",2025-11-04,Completed
"Science Education and Teacher Training Camp",2025-11-11,Completed
"Hospitality and Data Analytics Expo",2026-10-15,Upcoming
"Applied Engineering Design Training",2024-06-16,Completed
"Industry-Academe Hospitality Training",2025-01-20,Completed
"Disaster Preparedness Symposium",2024-09-07,Completed
"Public Speaking Congress",2023-10-08,Completed
"Campus Journalism Learning Session",2026-03-29,Completed
"Financial Literacy Showcase",2024-03-15,Completed
"Student Hospitality Conference",2025-06-02,Completed
"Inclusive Arts and Culture Summit",2025-12-05,Completed
"Young Leaders Mental Health Conference",2024-08-18,Completed
"Inclusive Education Seminar",2026-05-16,Upcoming
"Faculty Language and Literature Expo",2023-03-03,Completed
"Applied Digital Literacy Camp",2024-08-13,Completed
"Campus Journalism and Teacher Training Camp",2025-04-20,Completed
"Volunteerism and Campus Journalism Mentoring Day",2024-09-28,Completed
"Health Awareness and Tourism Fair",2024-10-06,Completed
"Innovation and Environmental Awareness Orientation",2025-11-05,Completed
"Campus Research Seminar",2024-08-05,Completed
"Interdepartmental Service Learning Dialogue",2026-01-22,Completed
"Annual Alumni Engagement Orientation",2023-12-16,Completed
"Teaching Excellence and Service Learning Camp",2024-12-11,Completed
"Debate and Mental Health Training",2024-12-01,Completed
"Environmental Awareness Congress",2024-03-24,Completed
"Disaster Preparedness and Health Awareness Fair",2026-01-17,Completed
"Wellness and Language and Literature Colloquium",2024-12-20,Completed
"Future-Ready Campus Journalism Workshop",2026-06-28,Upcoming
"STEM and Business Management Training",2024-06-17,Completed
"Future-Ready Environmental Awareness Orientation",2023-03-12,Completed
"Mental Health Fair",2025-08-13,Completed
"Future-Ready Cybersecurity Assembly",2026-03-03,Completed
"Sustainability and Volunteerism Forum",2025-06-07,Completed
"Business Management Camp",2023-10-19,Completed
"Mental Health Orientation",2026-05-09,Upcoming
"Inclusive Education Camp",2023-06-17,Completed
"Language and Literature and Athletics Series",2023-11-22,Completed
"Health Awareness Assembly",2025-05-09,Completed
"Faculty Financial Literacy Series",2026-12-09,Upcoming
"Mental Health and Academic Excellence Mentoring Day",2026-01-19,Completed
"Entrepreneurship Learning Session",2024-02-17,Completed
"Science Education and Public Speaking Summit",2026-03-25,Completed
"Industry-Academe Tourism Training",2025-06-24,Completed
"Creative Data Analytics Assembly",2024-11-02,Completed
"Campus Community Outreach Summit",2024-12-23,Completed
"Teaching Excellence Assembly",2026-10-20,Upcoming
"Service Learning and Athletics Dialogue",2026-02-13,Completed
"Creative Student Government Learning Session",2023-07-08,Completed
"Applied Academic Excellence Series",2024-01-30,Completed
"University-Wide Digital Literacy Showcase",2024-05-22,Completed
"Campus Journalism and Psychology Fair",2025-06-09,Completed
"Public Speaking Dialogue",2025-02-11,Completed
"Applied Entrepreneurship Dialogue",2024-07-27,Completed
"Annual Sustainability Colloquium",2025-01-27,Completed
"Future-Ready Disaster Preparedness Dialogue",2024-08-03,Completed
"Cybersecurity Congress",2025-09-08,Completed
"Creative Community Outreach Dialogue",2023-01-11,Completed
"Faculty Entrepreneurship Training",2023-01-08,Completed
"STEM and Academic Excellence Symposium",2026-02-28,Completed
"Cybersecurity and Business Management Workshop",2026-05-15,Upcoming
"Regional Engineering Design Colloquium",2025-10-16,Completed
"Digital Literacy and Media Production Dialogue",2023-09-04,Completed
"Campus Journalism and Academic Excellence Series",2026-11-22,Upcoming
"Research Expo",2024-11-23,Completed
"Financial Literacy Series",2025-01-05,Completed
"Psychology Dialogue",2024-09-07,Completed
"Language and Literature and Campus Journalism Assembly",2023-05-13,Completed
"Applied Student Government Conference",2025-06-02,Completed
"Public Speaking Series",2023-10-17,Completed
"Community Outreach Learning Session",2025-07-29,Completed
"Inclusive Campus Journalism Workshop",2024-08-14,Completed
"Regional Financial Literacy Orientation",2024-10-03,Completed
"Hospitality and Career Development Colloquium",2025-01-03,Completed
"Psychology Fair",2024-12-25,Completed
"Arts and Culture and Data Analytics Training",2026-10-16,Upcoming
"Inclusive Language and Literature Conference",2024-02-29,Completed
"Psychology Camp",2023-12-21,Completed
"Community Inclusive Education Expo",2023-10-21,Completed
"Engineering Design and Career Development Expo",2024-06-09,Completed
"Data Analytics Workshop",2026-02-15,Completed
"Debate Dialogue",2023-01-29,Completed
"Student Government Workshop",2024-09-20,Completed
"Inclusive Public Speaking Expo",2023-08-12,Completed
"Disaster Preparedness and Athletics Forum",2026-05-30,Upcoming
"Disaster Preparedness Mentoring Day",2026-07-01,Upcoming
"Volunteerism and Teacher Training Symposium",2023-12-19,Completed
"Wellness Orientation",2024-02-17,Completed
"Industry-Academe Cybersecurity Fair",2026-04-27,Upcoming
"Entrepreneurship and Volunteerism Camp",2024-01-15,Completed
"Applied Science Education Showcase",2026-12-04,Upcoming
"Research and Wellness Fair",2025-11-09,Completed
"Innovation and Financial Literacy Symposium",2023-07-01,Completed
"Inclusive Education Summit",2026-09-04,Upcoming
"Applied Tourism Mentoring Day",2026-10-16,Upcoming
"Data Analytics Colloquium",2024-01-15,Completed
"Entrepreneurship and Robotics Bootcamp",2025-06-09,Completed
"Service Learning and Cybersecurity Training",2024-01-20,Completed
"Nursing Care and Alumni Engagement Camp",2023-10-15,Completed
"Research and Digital Literacy Workshop",2024-08-27,Completed
"Faculty Robotics Expo",2023-11-26,Completed
"Campus Journalism and Entrepreneurship Summit",2024-02-23,Completed
"Campus Journalism Forum",2024-10-30,Completed
"Science Education and Engineering Design Expo",2026-07-04,Upcoming
"Debate and Leadership Conference",2026-02-23,Completed
"Athletics Dialogue",2023-10-31,Completed
"Community Digital Literacy Series",2026-03-24,Completed
"Innovation and Athletics Symposium",2024-01-13,Completed
"Wellness and Business Management Series",2023-02-16,Completed
"Public Speaking Conference",2023-12-04,Completed
"Career Development and Volunteerism Forum",2024-08-25,Completed
"Hospitality and Tourism Camp",2023-12-18,Completed
"Financial Literacy and Research Colloquium",2023-08-27,Completed
"Regional Service Learning Fair",2026-12-08,Upcoming
"Engineering Design and Wellness Symposium",2024-12-19,Completed
"Engineering Design and Data Analytics Bootcamp",2023-05-27,Completed
"Cybersecurity and Innovation Showcase",2024-12-09,Completed
"Student Service Learning Showcase",2025-09-09,Completed
"Disaster Preparedness Mentoring Day",2025-08-07,Completed
"Young Leaders Digital Literacy Assembly",2024-06-09,Completed
"Nursing Care Bootcamp",2024-06-10,Completed
"Athletics Camp",2024-08-19,Completed
"Applied Tourism Colloquium",2025-12-31,Completed
"Future-Ready Science Education Conference",2023-10-03,Completed
"Tourism Training",2026-07-14,Upcoming
"Teaching Excellence and Business Management Seminar",2025-09-19,Completed
"Language and Literature Camp",2023-09-29,Completed
"STEM Bootcamp",2025-12-16,Completed
"Campus Journalism Orientation",2024-04-15,Completed
"Career Development Colloquium",2025-12-03,Completed
"Applied Wellness Expo",2025-05-24,Completed
"Environmental Awareness and Disaster Preparedness Fair",2026-09-01,Upcoming
"Applied Career Development Congress",2024-07-18,Completed
"Debate Orientation",2025-12-06,Completed
"Community Cybersecurity Showcase",2024-05-24,Completed
"Business Management and Science Education Summit",2026-01-29,Completed
"Science Education Learning Session",2026-08-07,Upcoming
"Hospitality Congress",2023-06-06,Completed
"Inclusive Debate Bootcamp",2024-03-29,Completed
"Health Awareness and Academic Excellence Fair",2024-04-10,Completed
"Applied Teaching Excellence Summit",2023-06-10,Completed
"Campus Journalism Colloquium",2024-10-19,Completed
"Career Development Mentoring Day",2025-06-25,Completed
"Young Leaders Inclusive Education Conference",2026-11-26,Upcoming
"Creative Psychology Learning Session",2026-11-24,Upcoming
"Public Speaking Seminar",2025-06-19,Completed
"University-Wide Data Analytics Mentoring Day",2025-12-08,Completed
"Young Leaders Career Development Assembly",2024-04-21,Completed
"Tourism and Alumni Engagement Symposium",2026-08-26,Upcoming
"Digital Literacy and Teaching Excellence Training",2023-11-20,Completed
"Research and Teaching Excellence Summit",2024-10-16,Completed
"Arts and Culture Dialogue",2023-02-09,Completed
"Media Production and Career Development Forum",2024-07-12,Completed
"Athletics Learning Session",2024-09-16,Completed
"Academic Excellence and Teaching Excellence Summit",2025-10-05,Completed
"Leadership and Business Management Fair",2025-06-19,Completed
"Entrepreneurship Seminar",2024-02-21,Completed
"Environmental Awareness and Media Production Summit",2023-03-22,Completed
"Faculty Inclusive Education Fair",2024-12-24,Completed
"Career Development and Research Colloquium",2026-03-29,Completed
"Service Learning and Community Outreach Showcase",2023-02-20,Completed
"Student Campus Journalism Workshop",2025-02-11,Completed
"Applied Entrepreneurship Expo",2024-06-28,Completed
"Sustainability and Service Learning Summit",2025-11-03,Completed
"Digital Literacy Dialogue",2024-10-13,Completed
"College Debate Camp",2024-01-28,Completed
"Sustainability Fair",2024-02-18,Completed
"College Teaching Excellence Dialogue",2024-01-05,Completed
"Language and Literature and Volunteerism Expo",2025-12-28,Completed
"Mental Health Dialogue",2026-06-18,Upcoming
"Student Government and Campus Journalism Series",2023-09-18,Completed
"Career Development Showcase",2023-03-07,Completed
"Research Workshop",2024-10-31,Completed
"Campus Journalism Dialogue",2023-12-23,Completed
"Digital Literacy Forum",2023-10-18,Completed
"Faculty STEM Seminar",2025-11-03,Completed
"Annual Language and Literature Conference",2025-01-05,Completed
"Campus Journalism Conference",2024-12-21,Completed
"Research and Disaster Preparedness Seminar",2026-05-23,Upcoming
"Health Awareness and Robotics Colloquium",2024-04-12,Completed
"Language and Literature and Public Speaking Bootcamp",2025-09-14,Completed
"Community Tourism Mentoring Day",2026-12-17,Upcoming
"STEM and Service Learning Learning Session",2024-06-06,Completed
"Disaster Preparedness Bootcamp",2023-01-05,Completed
"College Student Government Symposium",2026-11-06,Upcoming
"Environmental Awareness and Financial Literacy Bootcamp",2026-12-04,Upcoming
"Data Analytics and Cybersecurity Assembly",2024-08-25,Completed
"Service Learning and Digital Literacy Symposium",2024-03-17,Completed
"Entrepreneurship Dialogue",2025-07-19,Completed
"Disaster Preparedness and Science Education Assembly",2023-07-27,Completed
"Sustainability Dialogue",2026-02-10,Completed
"College Mental Health Symposium",2026-07-24,Upcoming
"Community Data Analytics Orientation",2023-04-18,Completed
"Environmental Awareness Fair",2023-08-23,Completed
"Environmental Awareness Dialogue",2025-08-06,Completed
"Data Analytics and Volunteerism Workshop",2025-08-06,Completed
"Campus Debate Showcase",2023-03-03,Completed
"Mental Health and Tourism Bootcamp",2025-05-31,Completed
"Annual Business Management Assembly",2026-08-31,Upcoming
"Athletics Training",2024-03-22,Completed
"Service Learning Workshop",2025-11-17,Completed
"Data Analytics Workshop",2024-02-18,Completed
"Public Speaking Summit",2026-03-12,Completed
"Campus Arts and Culture Training",2025-02-04,Completed
"Language and Literature and Robotics Orientation",2025-09-20,Completed
"Tourism Camp",2024-10-02,Completed
"Arts and Culture Assembly",2023-03-30,Completed
"Robotics and Digital Literacy Showcase",2026-06-06,Upcoming
"University-Wide Financial Literacy Expo",2026-04-20,Completed
"Campus Robotics Workshop",2025-07-14,Completed
"Public Speaking and Alumni Engagement Series",2023-04-01,Completed
"Teacher Training Workshop",2024-11-18,Completed
"Alumni Engagement Series",2023-02-09,Completed
"Wellness and Career Development Symposium",2023-09-03,Completed
"Health Awareness and Public Speaking Seminar",2023-11-04,Completed
"Nursing Care Series",2026-12-05,Upcoming
"Alumni Engagement Bootcamp",2025-08-18,Completed
"Regional Digital Literacy Conference",2023-03-29,Completed
"Wellness Seminar",2026-02-13,Completed
"University-Wide Leadership Training",2026-02-21,Completed
"Health Awareness and Disaster Preparedness Expo",2026-12-21,Upcoming
"Leadership Dialogue",2023-03-16,Completed
"Athletics and Inclusive Education Forum",2026-01-10,Completed
"Business Management Symposium",2023-03-28,Completed
"Campus Journalism and Disaster Preparedness Orientation",2023-08-30,Completed
"Science Education Conference",2025-03-11,Completed
"Engineering Design Showcase",2026-09-26,Upcoming
"Mental Health Orientation",2025-10-04,Completed
"Interdepartmental Environmental Awareness Assembly",2025-08-25,Completed
"Data Analytics Symposium",2024-07-14,Completed
"Alumni Engagement and Volunteerism Dialogue",2025-08-23,Completed
"Community Outreach and Career Development Training",2026-02-01,Completed
"Language and Literature and Campus Journalism Fair",2025-11-12,Completed
"Science Education and Teacher Training Dialogue",2023-03-17,Completed
"Community Service Learning Fair",2026-02-16,Completed
"Annual Career Development Workshop",2024-04-24,Completed
"University-Wide Health Awareness Workshop",2024-06-22,Completed
"Disaster Preparedness and Mental Health Mentoring Day",2025-11-20,Completed
"Public Speaking Fair",2023-07-14,Completed
"Community Digital Literacy Camp",2023-05-09,Completed
"Community Entrepreneurship Congress",2023-11-19,Completed
"Annual Arts and Culture Conference",2023-09-13,Completed
"Athletics Dialogue",2024-07-10,Completed
"Cybersecurity and Teacher Training Symposium",2023-04-04,Completed
"Nursing Care Showcase",2023-07-17,Completed
"Innovation and Psychology Series",2026-11-23,Upcoming
"Creative Robotics Camp",2025-12-09,Completed
"Academic Excellence and Business Management Learning Session",2025-06-27,Completed
"Teaching Excellence and Engineering Design Workshop",2025-09-04,Completed
"Language and Literature and Cybersecurity Showcase",2026-10-20,Upcoming
"Student Robotics Camp",2024-01-26,Completed
"Campus Student Government Summit",2025-04-09,Completed
"Public Speaking Symposium",2025-01-06,Completed
"Engineering Design Series",2025-11-27,Completed
"Annual Community Outreach Seminar",2023-05-27,Completed
"Service Learning Symposium",2026-10-21,Upcoming
"Mental Health and Academic Excellence Seminar",2026-08-26,Upcoming
"Young Leaders Teaching Excellence Seminar",2024-02-02,Completed
"Service Learning and Mental Health Bootcamp",2026-02-20,Completed
"Faculty Cybersecurity Learning Session",2023-09-03,Completed
"Community Mental Health Colloquium",2023-07-09,Completed
"Leadership and Innovation Mentoring Day",2024-03-07,Completed
"Business Management Symposium",2026-12-09,Upcoming
"Academic Excellence Camp",2023-04-30,Completed
"Financial Literacy and Business Management Orientation",2026-06-23,Upcoming
"Teacher Training Series",2026-05-27,Upcoming
"Debate and Inclusive Education Showcase",2024-01-22,Completed
"Community Student Government Series",2025-03-23,Completed
"Student Government Camp",2025-03-06,Completed
"Volunteerism Workshop",2025-01-06,Completed
"Young Leaders Inclusive Education Training",2026-12-28,Upcoming
"Hospitality and Inclusive Education Series",2025-06-05,Completed
"Student Government Learning Session",2026-06-09,Upcoming
"Sustainability Camp",2024-12-15,Completed
"Disaster Preparedness and Environmental Awareness Assembly",2026-11-12,Upcoming
"Young Leaders Teacher Training Assembly",2026-09-15,Upcoming
"Creative Service Learning Workshop",2023-01-22,Completed
"Volunteerism and Business Management Training",2025-04-28,Completed
"Leadership Training",2025-12-29,Completed
"Young Leaders Hospitality Fair",2025-03-21,Completed
"Service Learning and Campus Journalism Forum",2024-06-12,Completed
"Media Production Learning Session",2024-02-12,Completed
"Community Data Analytics Expo",2026-12-15,Upcoming
"Career Development Forum",2024-10-25,Completed
"Research Summit",2026-10-22,Upcoming
"STEM Expo",2026-10-17,Upcoming
"Psychology Forum",2026-01-19,Completed
"Language and Literature Learning Session",2026-08-24,Upcoming
"Business Management Forum",2024-01-17,Completed
"Inclusive Digital Literacy Seminar",2023-07-11,Completed
"Psychology Dialogue",2023-02-24,Completed
"Regional Research Bootcamp",2025-04-01,Completed
"Cybersecurity Expo",2023-06-04,Completed
"Creative Career Development Bootcamp",2025-11-07,Completed
"Financial Literacy Summit",2025-05-04,Completed
"Young Leaders Arts and Culture Dialogue",2026-09-11,Upcoming
"Financial Literacy Bootcamp",2025-10-22,Completed
"Public Speaking and Financial Literacy Dialogue",2025-12-03,Completed
"Public Speaking and Wellness Forum",2024-04-20,Completed
"Tourism Mentoring Day",2025-10-19,Completed
"Research Showcase",2023-04-14,Completed
"Data Analytics Forum",2025-08-20,Completed
"Environmental Awareness Camp",2025-02-17,Completed
"STEM Summit",2023-02-27,Completed
"Faculty Robotics Colloquium",2025-04-23,Completed
"Regional Data Analytics Showcase",2024-12-18,Completed
"Engineering Design Workshop",2025-10-23,Completed
"Community Athletics Learning Session",2026-12-22,Upcoming
"Mental Health Mentoring Day",2023-11-30,Completed
"Community STEM Training",2026-07-30,Upcoming
"Future-Ready Environmental Awareness Workshop",2023-12-24,Completed
"Future-Ready Leadership Colloquium",2025-12-09,Completed
"University-Wide Community Outreach Orientation",2023-05-20,Completed
"Entrepreneurship and Leadership Symposium",2025-12-09,Completed
"Tourism Camp",2023-05-04,Completed
"Academic Excellence and Financial Literacy Workshop",2025-03-30,Completed
"Creative Business Management Learning Session",2024-12-25,Completed
"Service Learning and Academic Excellence Conference",2025-10-02,Completed
"Alumni Engagement and Service Learning Workshop",2023-12-15,Completed
"Arts and Culture Showcase",2024-11-17,Completed
"Wellness Expo",2024-04-08,Completed
"Nursing Care Forum",2023-01-09,Completed
"Entrepreneurship Orientation",2024-01-09,Completed
"Faculty Science Education Training",2025-11-26,Completed
"College Mental Health Congress",2025-10-30,Completed
"Inclusive Media Production Learning Session",2024-06-26,Completed
"Campus Leadership Camp",2023-10-29,Completed
"Science Education Training",2026-03-02,Completed
"Alumni Engagement and Leadership Showcase",2023-03-18,Completed
"Faculty Health Awareness Training",2025-07-30,Completed
"Hospitality Forum",2023-02-21,Completed
"Innovation and Digital Literacy Orientation",2024-07-15,Completed
"Teacher Training and Campus Journalism Learning Session",2023-06-08,Completed
"Interdepartmental Student Government Learning Session",2025-05-27,Completed
"Disaster Preparedness Series",2025-03-23,Completed
"Leadership and Disaster Preparedness Symposium",2025-06-05,Completed
"Service Learning and Tourism Forum",2023-08-29,Completed
"Service Learning and Research Learning Session",2026-11-23,Upcoming
"Wellness and Business Management Symposium",2023-10-12,Completed
"Debate and Leadership Forum",2026-03-10,Completed
"Engineering Design and Public Speaking Showcase",2024-12-10,Completed
"Debate and Robotics Workshop",2023-11-13,Completed
"Young Leaders Teaching Excellence Training",2023-04-12,Completed
"Psychology and Alumni Engagement Colloquium",2023-06-29,Completed
"Wellness and Financial Literacy Orientation",2023-07-12,Completed
"Inclusive Research Seminar",2023-04-08,Completed
"Regional Data Analytics Assembly",2025-12-30,Completed
"Alumni Engagement and Student Government Showcase",2023-07-02,Completed
"Applied Media Production Orientation",2025-02-09,Completed
"University-Wide Public Speaking Series",2024-12-03,Completed
"Entrepreneurship Workshop",2025-01-04,Completed
"Athletics and Hospitality Camp",2026-06-25,Upcoming
"Applied Sustainability Orientation",2023-04-22,Completed
"Media Production and Cybersecurity Expo",2026-08-18,Upcoming
"Science Education and Innovation Assembly",2026-08-29,Upcoming
"Campus Journalism and Wellness Camp",2023-10-13,Completed
"Faculty Community Outreach Series",2025-10-19,Completed
"Language and Literature and Sustainability Assembly",2024-05-16,Completed
"Applied Debate Congress",2023-12-18,Completed
"Media Production Seminar",2026-04-21,Ongoing
"Teacher Training Colloquium",2026-05-29,Upcoming
"Future-Ready Wellness Orientation",2026-09-10,Upcoming
"Industry-Academe Community Outreach Congress",2023-11-25,Completed
"Data Analytics Assembly",2023-08-27,Completed
"Nursing Care Fair",2023-02-27,Completed
"Young Leaders STEM Symposium",2023-01-02,Completed
"Wellness and Nursing Care Colloquium",2025-11-15,Completed
"Language and Literature and Sustainability Showcase",2025-10-04,Completed
"Psychology and Wellness Workshop",2025-08-02,Completed
"Digital Literacy and Innovation Dialogue",2026-06-13,Upcoming
"Student Government Bootcamp",2024-12-21,Completed
"Psychology and STEM Forum",2026-04-05,Completed
"Career Development Colloquium",2026-01-18,Completed
"Digital Literacy and Campus Journalism Symposium",2023-07-26,Completed
"Industry-Academe Career Development Series",2024-06-09,Completed
"Annual Academic Excellence Training",2024-01-11,Completed
"Faculty STEM Conference",2026-12-08,Upcoming
"Creative Innovation Learning Session",2025-05-29,Completed
"Public Speaking Training",2025-12-02,Completed
"Psychology Dialogue",2024-03-24,Completed
"Campus Journalism and Data Analytics Orientation",2025-02-24,Completed
"Inclusive Arts and Culture Workshop",2024-10-19,Completed
"Young Leaders Cybersecurity Symposium",2026-02-06,Completed
"Community Public Speaking Forum",2024-05-28,Completed
"Community Outreach and Public Speaking Colloquium",2026-07-02,Upcoming
"Cybersecurity Summit",2025-12-12,Completed
"Young Leaders Public Speaking Symposium",2026-12-08,Upcoming
"Debate and Student Government Congress",2023-09-06,Completed
"Applied Hospitality Mentoring Day",2026-04-06,Completed
"University-Wide Innovation Seminar",2026-03-08,Completed
"Tourism and Entrepreneurship Learning Session",2023-11-23,Completed
"Entrepreneurship Colloquium",2025-10-05,Completed
"Campus Disaster Preparedness Camp",2024-04-12,Completed
"Wellness and Science Education Forum",2025-07-20,Completed
"STEM and Psychology Camp",2023-08-05,Completed
"Public Speaking and Community Outreach Showcase",2023-10-20,Completed
"Robotics and Environmental Awareness Dialogue",2025-12-02,Completed
"Mental Health and Nursing Care Bootcamp",2025-07-04,Completed
"University-Wide Community Outreach Showcase",2025-05-15,Completed
"Annual Environmental Awareness Workshop",2024-12-16,Completed
"Inclusive Digital Literacy Seminar",2023-01-17,Completed
"Research and Disaster Preparedness Series",2025-04-11,Completed
"Academic Excellence Symposium",2025-07-06,Completed
"Student Financial Literacy Fair",2024-04-20,Completed
"Robotics Assembly",2023-05-22,Completed
"Innovation Seminar",2026-08-23,Upcoming
"Interdepartmental Volunteerism Mentoring Day",2024-04-24,Completed
"Science Education Workshop",2025-04-03,Completed
"Financial Literacy and Debate Dialogue",2024-03-21,Completed
"Engineering Design Series",2023-01-28,Completed
"Research Congress",2026-03-29,Completed
"Campus Journalism and Financial Literacy Colloquium",2024-09-01,Completed
"Campus Journalism Series",2024-01-05,Completed
"Hospitality Conference",2023-12-31,Completed
"Regional Science Education Training",2024-08-11,Completed
"Sustainability and Financial Literacy Congress",2023-08-21,Completed
"College Sustainability Orientation",2024-03-11,Completed
"University-Wide Leadership Assembly",2026-07-31,Upcoming
"Hospitality and Mental Health Dialogue",2026-03-22,Completed
"Community Outreach Expo",2024-06-03,Completed
"Psychology and Leadership Bootcamp",2026-08-12,Upcoming
"Inclusive Education and Disaster Preparedness Assembly",2025-08-27,Completed
"Career Development and Alumni Engagement Assembly",2026-12-11,Upcoming
"Industry-Academe Inclusive Education Forum",2026-10-23,Upcoming
"Digital Literacy and Community Outreach Workshop",2023-11-22,Completed
"Applied Hospitality Seminar",2023-01-10,Completed
"Young Leaders Research Orientation",2026-09-02,Upcoming
"Data Analytics and Cybersecurity Showcase",2023-02-01,Completed
"Engineering Design and Environmental Awareness Congress",2023-03-12,Completed
"Hospitality Series",2023-02-08,Completed
"College Language and Literature Mentoring Day",2024-12-24,Completed
"Engineering Design Colloquium",2026-09-06,Upcoming
"Campus Journalism Mentoring Day",2025-07-24,Completed
"Leadership Series",2024-05-15,Completed
"Teaching Excellence and Academic Excellence Workshop",2025-11-17,Completed
"Service Learning and Science Education Colloquium",2024-01-08,Completed
"Athletics and Arts and Culture Bootcamp",2023-05-19,Completed
"Annual Athletics Series",2024-10-11,Completed
"Public Speaking Workshop",2026-11-22,Upcoming
"Alumni Engagement Training",2026-02-20,Completed
"Community Outreach and Sustainability Showcase",2023-02-28,Completed
"Career Development Congress",2024-01-12,Completed
"Volunteerism and Teacher Training Orientation",2023-10-31,Completed
"Academic Excellence Fair",2023-07-24,Completed
"Interdepartmental Arts and Culture Conference",2026-09-16,Upcoming
"Academic Excellence Expo",2024-02-08,Completed
"Community Outreach Bootcamp",2024-05-27,Completed
"Faculty Digital Literacy Forum",2024-12-06,Completed
"Sustainability and Media Production Summit",2025-07-26,Completed
"Leadership Fair",2024-06-08,Completed
"Academic Excellence Colloquium",2026-06-06,Upcoming
"Innovation Series",2024-01-10,Completed
"Disaster Preparedness Expo",2024-01-26,Completed
"Alumni Engagement Mentoring Day",2025-09-01,Completed
"Regional Engineering Design Training",2025-11-14,Completed
"STEM and Psychology Mentoring Day",2026-12-05,Upcoming
"Industry-Academe Inclusive Education Workshop",2026-03-09,Completed
"Campus Journalism Mentoring Day",2024-04-05,Completed
"Disaster Preparedness Mentoring Day",2023-02-11,Completed
"Industry-Academe Environmental Awareness Colloquium",2023-05-30,Completed
"Public Speaking Bootcamp",2026-12-09,Upcoming
"Research Assembly",2026-10-27,Upcoming
"Creative Public Speaking Forum",2024-09-11,Completed
"Data Analytics Symposium",2026-12-02,Upcoming
"Regional Business Management Learning Session",2025-04-07,Completed
"Faculty Arts and Culture Fair",2025-02-25,Completed
"Alumni Engagement and Health Awareness Camp",2025-10-08,Completed
"Data Analytics Training",2025-12-08,Completed
"Environmental Awareness and Leadership Symposium",2026-06-13,Upcoming
"Disaster Preparedness and Academic Excellence Assembly",2025-10-23,Completed
"Interdepartmental Data Analytics Forum",2026-12-21,Upcoming
"Student Government and Academic Excellence Summit",2023-09-18,Completed
"Sustainability Mentoring Day",2024-02-28,Completed
"Media Production Mentoring Day",2025-12-06,Completed
"Faculty Language and Literature Forum",2024-07-25,Completed
"Student Government and Arts and Culture Fair",2026-10-10,Upcoming
"Applied Mental Health Orientation",2023-06-25,Completed
"Innovation and Debate Camp",2026-11-29,Upcoming
"Media Production and Debate Series",2025-11-02,Completed
"Athletics Fair",2025-08-18,Completed
"Young Leaders Cybersecurity Assembly",2025-01-07,Completed
"Campus Digital Literacy Dialogue",2024-08-03,Completed
"Leadership Bootcamp",2023-07-11,Completed
"Psychology Conference",2023-09-30,Completed
"University-Wide Robotics Bootcamp",2023-12-13,Completed
"Volunteerism Summit",2026-05-09,Upcoming
"Research Series",2025-03-02,Completed
"Inclusive Education and Arts and Culture Workshop",2023-02-14,Completed
"Creative Science Education Colloquium",2026-04-26,Upcoming
"Creative Disaster Preparedness Camp",2026-07-07,Upcoming
"College Academic Excellence Mentoring Day",2024-09-23,Completed
"Cybersecurity Expo",2024-12-04,Completed
"Community Outreach Conference",2024-07-13,Completed
"College Career Development Series",2026-09-26,Upcoming
"Cybersecurity Symposium",2025-10-03,Completed
"Hospitality Congress",2023-05-18,Completed
"Public Speaking Dialogue",2024-04-15,Completed
"Cybersecurity and Media Production Dialogue",2024-07-22,Completed
"Regional Hospitality Training",2024-11-07,Completed
"Annual Campus Journalism Series",2026-11-17,Upcoming
"College Language and Literature Summit",2023-10-02,Completed
"Entrepreneurship Showcase",2024-05-04,Completed
"Athletics and Academic Excellence Bootcamp",2025-07-25,Completed
"Data Analytics Forum",2025-12-08,Completed
"Industry-Academe Mental Health Congress",2025-04-26,Completed
"Creative Athletics Expo",2023-04-27,Completed
"Business Management and Nursing Care Bootcamp",2026-05-07,Upcoming
"Campus Campus Journalism Assembly",2026-05-11,Upcoming
"Environmental Awareness and Student Government Dialogue",2025-10-12,Completed
"Sustainability Bootcamp",2023-06-12,Completed
"Sustainability Bootcamp",2023-04-18,Completed
"Athletics Training",2024-01-09,Completed
"Creative Academic Excellence Dialogue",2024-06-22,Completed
"Environmental Awareness Dialogue",2024-03-12,Completed
"Creative Community Outreach Bootcamp",2024-11-17,Completed
"Community Outreach and Financial Literacy Symposium",2026-07-01,Upcoming
"Health Awareness and STEM Summit",2025-11-14,Completed
"Interdepartmental Cybersecurity Learning Session",2025-04-02,Completed
"Nursing Care Expo",2026-05-23,Upcoming
"Mental Health Assembly",2026-02-11,Completed
"Public Speaking Congress",2026-01-24,Completed
"Service Learning and Debate Orientation",2024-12-05,Completed
"Community Outreach Symposium",2026-12-23,Upcoming
"Creative Hospitality Symposium",2025-02-08,Completed
"Environmental Awareness Conference",2026-02-12,Completed
"University-Wide Psychology Series",2025-08-12,Completed
"Career Development and Sustainability Bootcamp",2026-07-29,Upcoming
"Wellness Seminar",2024-01-25,Completed
"STEM and Psychology Orientation",2023-10-07,Completed
"Service Learning Orientation",2023-05-23,Completed
"Business Management Forum",2025-12-18,Completed
"Business Management Training",2026-05-25,Upcoming
"Teacher Training and Student Government Assembly",2025-02-15,Completed
"Science Education Colloquium",2023-03-01,Completed
"Data Analytics Workshop",2023-08-17,Completed
"Young Leaders Volunteerism Camp",2025-09-16,Completed
"Entrepreneurship Expo",2023-11-10,Completed
"Wellness and Community Outreach Conference",2026-06-09,Upcoming
"Regional Student Government Conference",2025-04-20,Completed
"Student Science Education Assembly",2025-01-02,Completed
"Inclusive Campus Journalism Workshop",2025-06-13,Completed
"STEM and Student Government Seminar",2023-06-21,Completed
"Data Analytics Summit",2025-08-27,Completed
"Mental Health Summit",2025-03-31,Completed
"Leadership Learning Session",2023-07-06,Completed
"Cybersecurity Expo",2026-02-12,Completed
"Inclusive Education Learning Session",2023-05-29,Completed
"Faculty Science Education Expo",2025-06-06,Completed
"Research and Mental Health Orientation",2024-03-04,Completed
"Science Education Fair",2026-06-24,Upcoming
"Innovation Training",2023-08-27,Completed
"Volunteerism Series",2023-04-23,Completed
"Inclusive Robotics Series",2023-10-02,Completed
"Data Analytics Workshop",2023-05-14,Completed
"Arts and Culture and Innovation Showcase",2025-11-08,Completed
"Faculty Psychology Series",2024-12-13,Completed
"Sustainability Training",2026-10-28,Upcoming
"Wellness Series",2026-12-12,Upcoming
"Data Analytics Seminar",2024-01-19,Completed
"Inclusive Nursing Care Dialogue",2023-11-07,Completed
"Hospitality and Wellness Seminar",2026-06-10,Upcoming
"Language and Literature and Alumni Engagement Workshop",2025-06-25,Completed
"Alumni Engagement Bootcamp",2023-12-26,Completed
"Regional Inclusive Education Bootcamp",2024-11-06,Completed
"Business Management and Wellness Forum",2023-05-29,Completed
"Inclusive Research Mentoring Day",2026-05-24,Upcoming
"Regional Career Development Seminar",2023-04-11,Completed
"Public Speaking and Media Production Summit",2024-08-22,Completed
"Young Leaders Volunteerism Workshop",2023-09-18,Completed
"Alumni Engagement Training",2026-09-25,Upcoming
"Community Digital Literacy Conference",2024-04-12,Completed
"Regional Arts and Culture Congress",2024-05-05,Completed
"Hospitality Expo",2025-10-23,Completed
"Alumni Engagement and Health Awareness Congress",2024-11-19,Completed
"Debate Summit",2023-09-23,Completed
"Academic Excellence and Mental Health Seminar",2026-09-17,Upcoming
"Hospitality Seminar",2025-04-07,Completed
"Tourism and Academic Excellence Congress",2026-11-04,Upcoming
"Interdepartmental Cybersecurity Conference",2025-10-26,Completed
"Teaching Excellence and Robotics Seminar",2024-04-11,Completed
"Campus Robotics Mentoring Day",2023-11-06,Completed
"University-Wide Athletics Congress",2026-08-18,Upcoming
"Leadership Expo",2024-05-11,Completed
"Health Awareness and Academic Excellence Showcase",2023-06-13,Completed
"Wellness and Volunteerism Forum",2023-08-30,Completed
"Student Government and Financial Literacy Seminar",2026-09-12,Upcoming
"Sustainability and Volunteerism Learning Session",2026-08-25,Upcoming
"Psychology and Athletics Training",2026-07-21,Upcoming
"Hospitality Workshop",2024-12-22,Completed
"Regional Arts and Culture Dialogue",2023-12-15,Completed
"Digital Literacy Bootcamp",2025-06-02,Completed
"Nursing Care and Media Production Orientation",2025-01-22,Completed
"STEM Assembly",2025-07-15,Completed
"Athletics and Environmental Awareness Bootcamp",2025-12-06,Completed
"Student Science Education Camp",2025-03-07,Completed
"Mental Health and Hospitality Learning Session",2023-02-13,Completed
"Campus Journalism and Community Outreach Seminar",2026-10-15,Upcoming
"Wellness Conference",2023-04-10,Completed
"University-Wide Psychology Colloquium",2023-11-18,Completed
"Teacher Training and Teaching Excellence Learning Session",2026-08-07,Upcoming
"Arts and Culture and Science Education Bootcamp",2023-05-05,Completed
"Community Research Congress",2026-12-11,Upcoming
"Community Athletics Seminar",2023-12-20,Completed
"Campus Journalism and Robotics Seminar",2025-02-28,Completed
"Health Awareness Expo",2023-03-05,Completed
"Creative Sustainability Showcase",2026-01-13,Completed
"Future-Ready Sustainability Symposium",2026-07-10,Upcoming
"Regional Data Analytics Camp",2025-07-14,Completed
"University-Wide Teaching Excellence Forum",2023-07-16,Completed
"Campus Arts and Culture Showcase",2024-01-11,Completed
"Academic Excellence and Campus Journalism Camp",2023-11-06,Completed
"Robotics and Career Development Expo",2025-02-16,Completed
"Volunteerism and Teacher Training Conference",2023-07-11,Completed
"Student Media Production Learning Session",2025-05-16,Completed
"Language and Literature Series",2026-07-25,Upcoming
"Research Series",2026-09-05,Upcoming
"Hospitality Mentoring Day",2026-04-10,Completed
"Digital Literacy Colloquium",2023-10-10,Completed
"Mental Health and Service Learning Training",2026-06-10,Upcoming
"Debate and Athletics Fair",2025-02-03,Completed
"Health Awareness and Alumni Engagement Conference",2024-10-29,Completed
"Science Education Conference",2024-11-18,Completed
"Inclusive Education Colloquium",2023-03-06,Completed
"Environmental Awareness Fair",2024-08-19,Completed
"Financial Literacy Fair",2026-08-06,Upcoming
"Disaster Preparedness and Mental Health Orientation",2023-11-21,Completed
"Science Education and Business Management Conference",2026-03-23,Completed
"Alumni Engagement Conference",2024-10-15,Completed
"Wellness Dialogue",2023-05-13,Completed
"Interdepartmental Disaster Preparedness Dialogue",2023-08-07,Completed
"Digital Literacy and Robotics Camp",2026-09-27,Upcoming
"Faculty Leadership Bootcamp",2025-06-19,Completed
"Inclusive Education and Disaster Preparedness Orientation",2025-11-08,Completed
"Future-Ready Health Awareness Summit",2024-10-01,Completed
"Debate Summit",2026-12-24,Upcoming
"Industry-Academe Leadership Learning Session",2025-02-02,Completed
"Public Speaking Forum",2023-07-16,Completed
"Psychology Forum",2023-09-15,Completed
"Applied Inclusive Education Training",2025-09-02,Completed
"Innovation and Nursing Care Symposium",2025-07-14,Completed
"Student Government Summit",2026-07-24,Upcoming
"Interdepartmental Athletics Mentoring Day",2026-12-02,Upcoming
"Applied Leadership Symposium",2025-04-20,Completed
"Financial Literacy Training",2024-09-18,Completed
"Media Production and Career Development Congress",2024-12-23,Completed
"Community Service Learning Camp",2024-03-15,Completed
"Inclusive Sustainability Learning Session",2023-06-18,Completed
"Business Management Showcase",2025-05-01,Completed
"Industry-Academe Business Management Summit",2023-05-30,Completed
"University-Wide Cybersecurity Congress",2023-02-16,Completed
"Media Production and Teaching Excellence Summit",2023-05-12,Completed
"Faculty Inclusive Education Workshop",2023-03-25,Completed
"Teacher Training Fair",2024-12-25,Completed
"Mental Health Summit",2025-07-06,Completed
"Interdepartmental Business Management Series",2023-03-05,Completed
"Language and Literature Learning Session",2026-05-19,Upcoming
"Psychology and Teaching Excellence Workshop",2023-03-28,Completed
"Creative Financial Literacy Assembly",2024-05-08,Completed
"Alumni Engagement and Inclusive Education Forum",2024-11-15,Completed
"Future-Ready Psychology Camp",2026-10-29,Upcoming
"Industry-Academe Business Management Seminar",2026-01-02,Completed
"Hospitality and Volunteerism Congress",2024-03-31,Completed
"Data Analytics Dialogue",2023-04-19,Completed
"Inclusive Education Series",2023-09-28,Completed
"Teacher Training and Alumni Engagement Bootcamp",2025-06-18,Completed
"Community Leadership Dialogue",2023-05-18,Completed
"Mental Health and Service Learning Fair",2026-10-19,Upcoming
"Future-Ready Inclusive Education Dialogue",2025-02-06,Completed
"Tourism Colloquium",2024-08-09,Completed
"Leadership and Community Outreach Fair",2025-08-15,Completed
"Campus Journalism Seminar",2026-04-15,Completed
"Data Analytics and STEM Congress",2025-09-24,Completed
"Sustainability and Service Learning Showcase",2024-01-25,Completed
"Arts and Culture and Teaching Excellence Expo",2025-06-09,Completed
"Hospitality and Service Learning Conference",2025-10-30,Completed
"Financial Literacy and Science Education Workshop",2026-01-19,Completed
"Science Education and Robotics Workshop",2024-06-09,Completed
"Debate Showcase",2026-04-23,Upcoming
"Cybersecurity and Public Speaking Training",2026-08-28,Upcoming
"Debate and Wellness Workshop",2026-12-17,Upcoming
"Hospitality Colloquium",2023-09-05,Completed
"Sustainability Colloquium",2023-08-02,Completed
"Future-Ready Cybersecurity Congress",2024-02-25,Completed
"University-Wide Inclusive Education Conference",2025-03-09,Completed
"Community Academic Excellence Expo",2023-12-29,Completed
"Data Analytics Colloquium",2024-04-09,Completed
"Psychology and Community Outreach Mentoring Day",2023-02-20,Completed
"Sustainability and Financial Literacy Series",2023-08-02,Completed
"Student Entrepreneurship Workshop",2023-05-04,Completed
"Faculty Career Development Bootcamp",2023-01-27,Completed
"Young Leaders Academic Excellence Expo",2026-04-21,Ongoing
"Leadership Colloquium",2025-07-17,Completed
"Media Production and STEM Mentoring Day",2025-07-19,Completed
"Entrepreneurship and Business Management Showcase",2023-06-25,Completed
"Future-Ready Research Workshop",2025-04-16,Completed
"Business Management and Arts and Culture Series",2025-12-27,Completed
"Campus Journalism Series",2026-08-25,Upcoming
"Robotics Camp",2024-09-10,Completed
"Student Government Fair",2026-01-28,Completed
"Disaster Preparedness Expo",2023-06-18,Completed
"Financial Literacy and Alumni Engagement Symposium",2025-01-08,Completed
"Engineering Design Colloquium",2026-12-09,Upcoming
"Psychology and Tourism Learning Session",2024-12-03,Completed
"Teacher Training Series",2024-01-03,Completed
"Community Outreach Summit",2023-07-22,Completed
"Interdepartmental Digital Literacy Fair",2026-06-02,Upcoming
"Arts and Culture Dialogue",2025-10-14,Completed
"Athletics and Entrepreneurship Fair",2026-08-21,Upcoming
"Disaster Preparedness Symposium",2026-09-21,Upcoming
"Campus Arts and Culture Dialogue",2023-01-21,Completed
"Faculty Hospitality Summit",2023-03-29,Completed
"Volunteerism Conference",2026-03-24,Completed
"Career Development Fair",2025-09-20,Completed
"Nursing Care Symposium",2023-01-25,Completed
"Robotics Fair",2026-02-11,Completed
"Campus Journalism and STEM Dialogue",2023-04-04,Completed
"Arts and Culture and Business Management Expo",2025-10-30,Completed
"Arts and Culture Summit",2026-06-08,Upcoming
"Inclusive Education Summit",2024-04-09,Completed
"Arts and Culture and Disaster Preparedness Dialogue",2025-06-12,Completed
"Public Speaking and Volunteerism Dialogue",2025-09-23,Completed
"Teacher Training Colloquium",2026-04-02,Completed
"Future-Ready Campus Journalism Expo",2026-04-06,Completed
"Service Learning and Psychology Training",2023-10-06,Completed
"Community Mental Health Colloquium",2025-05-24,Completed
"Engineering Design and Media Production Camp",2024-11-12,Completed
"Engineering Design Assembly",2026-09-17,Upcoming
"Hospitality and Alumni Engagement Showcase",2023-01-08,Completed
"Regional Teaching Excellence Assembly",2023-01-04,Completed
"Nursing Care Series",2023-12-29,Completed
"Faculty Sustainability Orientation",2024-02-23,Completed
"Entrepreneurship Learning Session",2026-04-19,Completed
"Interdepartmental Hospitality Series",2024-04-13,Completed
"Campus Journalism Bootcamp",2024-07-09,Completed
"Volunteerism Assembly",2026-07-03,Upcoming
"Debate Conference",2023-10-16,Completed
"Annual Media Production Camp",2025-02-09,Completed
"Young Leaders Sustainability Learning Session",2025-12-05,Completed
"Faculty Student Government Fair",2026-04-15,Completed
"Campus Journalism and Financial Literacy Orientation",2025-02-04,Completed
"University-Wide Environmental Awareness Seminar",2026-09-19,Upcoming
"Faculty Business Management Training",2026-06-30,Upcoming
"Language and Literature and Hospitality Mentoring Day",2023-01-16,Completed
"University-Wide Science Education Expo",2026-05-13,Upcoming
"Digital Literacy Orientation",2026-04-06,Completed
"Regional Arts and Culture Symposium",2025-02-06,Completed
"Data Analytics Bootcamp",2026-03-27,Completed
"Faculty Research Camp",2024-11-11,Completed
"Disaster Preparedness and Community Outreach Showcase",2025-07-22,Completed
"College Robotics Expo",2025-09-06,Completed
"Athletics and Robotics Congress",2025-05-30,Completed
"Future-Ready Innovation Camp",2024-05-01,Completed
"Research Workshop",2025-10-16,Completed
"Science Education Training",2025-02-21,Completed
"Career Development Showcase",2023-08-04,Completed
"College Digital Literacy Showcase",2024-08-14,Completed
"Nursing Care Mentoring Day",2026-06-01,Upcoming
"Student Government and Digital Literacy Assembly",2026-07-13,Upcoming
"Student Government Showcase",2024-11-28,Completed
"Campus Tourism Assembly",2026-07-29,Upcoming
"Disaster Preparedness Colloquium",2023-04-09,Completed
"Data Analytics and Disaster Preparedness Expo",2023-12-31,Completed
"Nursing Care and Digital Literacy Bootcamp",2025-02-28,Completed
"Interdepartmental Inclusive Education Assembly",2024-10-22,Completed
"Nursing Care and Hospitality Bootcamp",2026-12-29,Upcoming
"Campus Journalism Workshop",2024-11-26,Completed
"Regional Financial Literacy Mentoring Day",2024-11-03,Completed
"Campus Journalism Workshop",2026-08-07,Upcoming
"Future-Ready Hospitality Forum",2025-01-23,Completed
"Hospitality and Campus Journalism Workshop",2025-11-27,Completed
"Community Community Outreach Dialogue",2026-05-06,Upcoming
"Creative Engineering Design Assembly",2024-09-21,Completed
"Leadership and Volunteerism Assembly",2026-07-02,Upcoming
"Sustainability and Leadership Dialogue",2025-01-21,Completed
"Financial Literacy Seminar",2026-01-23,Completed
"Future-Ready Sustainability Seminar",2024-08-03,Completed
"Volunteerism and Digital Literacy Orientation",2024-12-04,Completed
"Volunteerism Showcase",2026-06-29,Upcoming
"Future-Ready Financial Literacy Training",2023-12-25,Completed
"Debate and Robotics Conference",2025-10-10,Completed
"Engineering Design Colloquium",2023-04-01,Completed
"Inclusive Education and Hospitality Camp",2026-09-29,Upcoming
"Interdepartmental Debate Orientation",2023-08-18,Completed
"Annual Health Awareness Congress",2024-12-03,Completed
"Athletics Learning Session",2023-04-29,Completed
"Disaster Preparedness Forum",2024-04-19,Completed
"Media Production and Research Series",2025-02-27,Completed
"Campus Inclusive Education Symposium",2025-05-28,Completed
"Psychology Series",2025-09-21,Completed
"Hospitality Mentoring Day",2026-03-02,Completed
"Robotics Bootcamp",2024-05-26,Completed
"Regional Environmental Awareness Fair",2024-04-08,Completed
"Innovation Workshop",2023-02-22,Completed
"Young Leaders Inclusive Education Orientation",2025-01-28,Completed
"Environmental Awareness and Mental Health Learning Session",2025-01-24,Completed
"Faculty Campus Journalism Seminar",2023-04-12,Completed
"Science Education Seminar",2023-05-14,Completed
"Cybersecurity Seminar",2024-01-14,Completed
"Digital Literacy and Data Analytics Learning Session",2024-10-29,Completed
"Innovation Showcase",2025-05-09,Completed
"Faculty Digital Literacy Seminar",2025-09-08,Completed
"Wellness and Digital Literacy Assembly",2024-07-12,Completed
"Tourism Dialogue",2025-10-17,Completed
"Media Production Mentoring Day",2026-08-27,Upcoming
"Research Dialogue",2023-10-13,Completed
"Tourism and Financial Literacy Seminar",2023-12-25,Completed
"Tourism and Inclusive Education Bootcamp",2023-05-23,Completed
"Hospitality and Innovation Orientation",2024-04-27,Completed
"Career Development Assembly",2026-09-23,Upcoming
"Debate Dialogue",2026-11-06,Upcoming
"Service Learning Summit",2026-05-09,Upcoming
"Applied Volunteerism Showcase",2026-02-02,Completed
"Hospitality Dialogue",2025-03-23,Completed
"Media Production and Career Development Expo",2026-02-21,Completed
"Regional Health Awareness Conference",2025-08-21,Completed
"Inclusive Robotics Learning Session",2023-03-03,Completed
"Research and Public Speaking Fair",2026-09-04,Upcoming
"University-Wide Campus Journalism Seminar",2025-03-03,Completed
"Cybersecurity and Research Colloquium",2026-10-08,Upcoming
"Interdepartmental Innovation Learning Session",2025-05-05,Completed
"Sustainability Showcase",2024-12-02,Completed
"Mental Health and Volunteerism Summit",2026-09-03,Upcoming
"Mental Health Summit",2023-10-21,Completed
"College Mental Health Bootcamp",2024-11-17,Completed
"Psychology Camp",2026-01-17,Completed
"Cybersecurity and Wellness Camp",2026-07-01,Upcoming
"Faculty Robotics Conference",2025-04-17,Completed
"Tourism Orientation",2023-01-27,Completed
"Future-Ready Entrepreneurship Orientation",2024-10-18,Completed
"Hospitality and Digital Literacy Camp",2025-07-09,Completed
"Academic Excellence and Student Government Orientation",2023-06-22,Completed
"Disaster Preparedness and Innovation Camp",2023-12-24,Completed
"Sustainability and Inclusive Education Orientation",2026-11-27,Upcoming
"Academic Excellence Summit",2023-03-22,Completed
"Health Awareness and Sustainability Fair",2023-02-22,Completed
"Arts and Culture Dialogue",2023-08-06,Completed
"University-Wide Environmental Awareness Dialogue",2026-08-25,Upcoming
"Media Production Learning Session",2026-02-01,Completed
"Community Outreach Conference",2025-12-26,Completed
"Debate Summit",2026-07-21,Upcoming
"Community Mental Health Workshop",2026-09-01,Upcoming
"College Data Analytics Forum",2023-12-05,Completed
"Hospitality Forum",2024-06-11,Completed
"Financial Literacy and Robotics Mentoring Day",2024-11-22,Completed
"Digital Literacy Expo",2024-04-16,Completed
"Teaching Excellence Orientation",2024-09-01,Completed
"Future-Ready Career Development Bootcamp",2023-01-18,Completed
"College Debate Conference",2024-06-14,Completed
"University-Wide Community Outreach Expo",2026-02-26,Completed
"Psychology and Teaching Excellence Training",2024-10-04,Completed
"Inclusive Education and Volunteerism Bootcamp",2023-03-03,Completed
"STEM and Engineering Design Congress",2026-02-04,Completed
"Community Career Development Workshop",2025-06-12,Completed
"Debate Fair",2025-06-21,Completed
"Digital Literacy and Health Awareness Colloquium",2023-05-22,Completed
"Leadership Training",2025-09-03,Completed
"Financial Literacy Symposium",2026-03-18,Completed
"Hospitality Colloquium",2024-01-11,Completed
"Creative Research Assembly",2026-05-29,Upcoming
"Psychology and Entrepreneurship Mentoring Day",2024-05-10,Completed
"Industry-Academe Sustainability Expo",2026-01-25,Completed
"Arts and Culture Training",2023-01-19,Completed
"Career Development Summit",2025-06-17,Completed
"Science Education Series",2025-09-30,Completed
"Athletics and Teacher Training Assembly",2023-12-18,Completed
"Interdepartmental Sustainability Orientation",2024-08-11,Completed
"Community Outreach and Public Speaking Congress",2023-11-12,Completed
"Hospitality and Career Development Orientation",2023-08-21,Completed
"University-Wide Campus Journalism Seminar",2026-02-08,Completed
"University-Wide Inclusive Education Mentoring Day",2024-07-27,Completed
"Inclusive Education Conference",2024-10-30,Completed
"Student Community Outreach Series",2025-05-14,Completed
"Annual Wellness Conference",2026-09-24,Upcoming
"Regional Career Development Forum",2024-01-22,Completed
"Business Management and Health Awareness Orientation",2023-09-21,Completed
"Sustainability and Disaster Preparedness Expo",2025-07-26,Completed
"Young Leaders Sustainability Summit",2024-10-13,Completed
"Environmental Awareness and Volunteerism Orientation",2025-04-30,Completed
"Annual Sustainability Assembly",2024-09-26,Completed
"Disaster Preparedness and Public Speaking Forum",2025-01-06,Completed
"Student Nursing Care Bootcamp",2025-06-04,Completed
"Annual Engineering Design Dialogue",2023-03-05,Completed
"Interdepartmental Digital Literacy Training",2025-04-10,Completed
"Interdepartmental Community Outreach Camp",2026-01-19,Completed
"Campus Journalism and Media Production Camp",2023-12-31,Completed
"Leadership and Digital Literacy Seminar",2026-10-26,Upcoming
"Inclusive Financial Literacy Colloquium",2025-03-12,Completed
"Student Government Conference",2023-12-03,Completed
"Inclusive Wellness Orientation",2025-10-14,Completed
"Media Production and Tourism Congress",2025-03-11,Completed
"Media Production and Service Learning Learning Session",2024-10-26,Completed
"Volunteerism Showcase",2026-08-21,Upcoming
"Research Training",2023-05-24,Completed
"Arts and Culture Dialogue",2025-09-15,Completed
"Regional Service Learning Forum",2024-02-09,Completed
"Student STEM Congress",2023-01-14,Completed
"Young Leaders Science Education Series",2023-07-10,Completed
"Academic Excellence Summit",2026-08-01,Upcoming
"Data Analytics Expo",2025-01-29,Completed
"Teaching Excellence Assembly",2026-03-21,Completed
"Language and Literature Forum",2025-11-15,Completed
"Business Management and Financial Literacy Forum",2023-09-22,Completed
"Financial Literacy Forum",2025-10-31,Completed
"Arts and Culture Showcase",2025-12-13,Completed
"Health Awareness Conference",2026-09-10,Upcoming
"Digital Literacy Series",2026-08-29,Upcoming
"Financial Literacy Fair",2024-04-26,Completed
"Debate Mentoring Day",2025-05-14,Completed
"Faculty Business Management Symposium",2026-11-18,Upcoming
"Athletics and Health Awareness Conference",2023-08-23,Completed
"Data Analytics Learning Session",2026-04-26,Upcoming
"Sustainability and Inclusive Education Dialogue",2026-07-31,Upcoming
"Campus Public Speaking Colloquium",2026-11-24,Upcoming
"STEM Dialogue",2023-06-08,Completed
"Financial Literacy Series",2024-01-02,Completed
"Language and Literature and Digital Literacy Colloquium",2026-10-16,Upcoming
"Engineering Design Symposium",2023-02-08,Completed
"Service Learning Series",2025-09-25,Completed
"Annual Environmental Awareness Assembly",2024-05-25,Completed
"Alumni Engagement and Wellness Orientation",2025-08-24,Completed
"Sustainability Seminar",2025-07-22,Completed
"Service Learning Showcase",2023-09-16,Completed
"Sustainability Conference",2024-01-11,Completed
"Inclusive Psychology Learning Session",2023-08-23,Completed
"Creative Robotics Symposium",2024-05-17,Completed
"Inclusive Language and Literature Summit",2026-04-16,Completed
"Community Outreach Training",2024-02-10,Completed
"Student Government Colloquium",2024-12-19,Completed
"Teaching Excellence and Arts and Culture Expo",2023-04-27,Completed
"Environmental Awareness Training",2024-11-22,Completed
"STEM Expo",2024-03-24,Completed
"Language and Literature and Cybersecurity Symposium",2023-06-10,Completed
"Industry-Academe Student Government Series",2023-09-01,Completed
"Psychology Workshop",2024-10-18,Completed
"Data Analytics and Teaching Excellence Seminar",2024-09-04,Completed
"College Data Analytics Bootcamp",2025-03-22,Completed
"STEM and Nursing Care Fair",2026-09-07,Upcoming
"Applied Alumni Engagement Fair",2026-11-12,Upcoming
"Creative Business Management Seminar",2023-01-24,Completed
"Student Government Forum",2026-04-03,Completed
"Community Disaster Preparedness Summit",2023-06-24,Completed
"Service Learning Assembly",2023-06-01,Completed
"Nursing Care and Business Management Camp",2023-12-05,Completed
"Young Leaders Student Government Symposium",2023-10-07,Completed
"Alumni Engagement Expo",2024-01-09,Completed
"Applied Disaster Preparedness Learning Session",2026-05-28,Upcoming
"Robotics Forum",2026-05-02,Upcoming
"Wellness and Teaching Excellence Fair",2025-03-09,Completed
"University-Wide Athletics Learning Session",2024-05-23,Completed
"Financial Literacy Summit",2026-03-21,Completed
"Inclusive Public Speaking Expo",2025-05-25,Completed
"Industry-Academe Wellness Forum",2026-09-07,Upcoming
"Leadership Forum",2023-06-09,Completed
"Future-Ready Career Development Expo",2026-10-10,Upcoming
"Environmental Awareness and Nursing Care Symposium",2025-02-19,Completed
"College Nursing Care Seminar",2024-03-17,Completed
"Athletics Learning Session",2023-02-15,Completed
"Public Speaking Assembly",2023-09-05,Completed
"Science Education Seminar",2026-11-24,Upcoming
"Service Learning and Arts and Culture Training",2025-09-30,Completed
"Industry-Academe Student Government Assembly",2026-08-23,Upcoming
"Science Education and Career Development Symposium",2025-12-30,Completed
"Campus Journalism and Arts and Culture Fair",2024-02-04,Completed
"Service Learning Colloquium",2026-09-21,Upcoming
"Interdepartmental Mental Health Mentoring Day",2023-03-08,Completed
"Business Management Training",2026-10-27,Upcoming
"Faculty Sustainability Orientation",2024-12-11,Completed
"Hospitality and Public Speaking Series",2026-08-29,Upcoming
"Athletics and STEM Conference",2023-02-09,Completed
"Industry-Academe Athletics Forum",2026-10-13,Upcoming
"Business Management Dialogue",2025-07-31,Completed
"Leadership Bootcamp",2024-05-09,Completed
"Wellness and Environmental Awareness Colloquium",2023-02-14,Completed
"Industry-Academe Leadership Camp",2023-12-21,Completed
"Future-Ready Research Fair",2025-11-12,Completed
"Regional Entrepreneurship Showcase",2025-05-01,Completed
"Teaching Excellence Expo",2023-01-08,Completed
"STEM and Wellness Camp",2025-11-23,Completed
"Research and Entrepreneurship Forum",2024-12-16,Completed
"Science Education Fair",2025-10-23,Completed
"Hospitality and Debate Mentoring Day",2023-02-02,Completed
"Industry-Academe Financial Literacy Camp",2023-08-07,Completed
"Faculty Business Management Assembly",2026-08-02,Upcoming
"Future-Ready Public Speaking Congress",2026-07-05,Upcoming
"Career Development Conference",2025-03-16,Completed
"Debate Workshop",2024-02-22,Completed
"Business Management and Career Development Conference",2025-05-06,Completed
"Service Learning Orientation",2024-06-14,Completed
"University-Wide Academic Excellence Camp",2026-09-30,Upcoming
"Entrepreneurship Fair",2025-12-22,Completed
"Applied Community Outreach Symposium",2026-01-24,Completed
"Creative Academic Excellence Series",2025-06-22,Completed
"Faculty Disaster Preparedness Summit",2024-06-26,Completed
"Engineering Design Series",2023-01-16,Completed
"Interdepartmental Digital Literacy Conference",2026-04-14,Completed
"Creative Academic Excellence Symposium",2023-04-14,Completed
"Community Debate Expo",2023-07-09,Completed
"Interdepartmental Research Workshop",2023-10-22,Completed
"Environmental Awareness Bootcamp",2025-08-11,Completed
"Academic Excellence Summit",2023-10-22,Completed
"Applied Disaster Preparedness Seminar",2023-09-15,Completed
"Environmental Awareness and Engineering Design Bootcamp",2025-07-24,Completed
"Psychology and Environmental Awareness Orientation",2025-06-11,Completed
"Regional Debate Bootcamp",2024-04-25,Completed
"Disaster Preparedness Congress",2025-05-14,Completed
"Community Service Learning Orientation",2023-11-14,Completed
"Community Outreach and Financial Literacy Workshop",2026-05-12,Upcoming
"Arts and Culture and Public Speaking Fair",2023-06-30,Completed
"Wellness and Volunteerism Colloquium",2026-04-27,Upcoming
"Campus Nursing Care Mentoring Day",2023-05-19,Completed
"Financial Literacy and Career Development Learning Session",2024-08-02,Completed
"Psychology and Entrepreneurship Congress",2025-08-03,Completed
"Inclusive Education and Innovation Learning Session",2025-07-18,Completed
"Campus Journalism and Inclusive Education Congress",2025-07-01,Completed
"Cybersecurity and Disaster Preparedness Camp",2024-01-22,Completed
"Science Education Learning Session",2023-05-01,Completed
"Industry-Academe Athletics Conference",2024-09-01,Completed
"Student Government Seminar",2025-02-02,Completed
"Inclusive Education Conference",2024-05-12,Completed
"Public Speaking Series",2024-03-15,Completed
"Engineering Design and Arts and Culture Colloquium",2025-04-01,Completed
"Environmental Awareness and Psychology Learning Session",2025-11-07,Completed
"Leadership Camp",2026-07-02,Upcoming
"Community Arts and Culture Summit",2023-12-02,Completed
"College Campus Journalism Camp",2024-12-23,Completed
"Teacher Training Seminar",2025-02-04,Completed
"Campus Journalism Dialogue",2026-02-06,Completed
"Environmental Awareness and Financial Literacy Mentoring Day",2024-05-07,Completed
"Digital Literacy Symposium",2025-01-29,Completed
"Health Awareness Series",2026-08-12,Upcoming
"Career Development Fair",2023-07-21,Completed
"Public Speaking and Robotics Summit",2024-05-24,Completed
"Sustainability and Health Awareness Camp",2025-01-29,Completed
"Student Government Conference",2023-02-22,Completed
"Interdepartmental Teaching Excellence Fair",2026-06-25,Upcoming
"Nursing Care Fair",2026-05-15,Upcoming
"College Engineering Design Summit",2023-06-06,Completed
"Digital Literacy Expo",2023-07-23,Completed
"Teacher Training Conference",2026-11-11,Upcoming
"Nursing Care Bootcamp",2024-10-04,Completed
"Regional Alumni Engagement Camp",2023-11-26,Completed
"Student Environmental Awareness Summit",2026-07-04,Upcoming
"Leadership Summit",2026-04-11,Completed
"Inclusive Education Expo",2025-02-13,Completed
"Psychology Congress",2024-11-13,Completed
"University-Wide Athletics Training",2026-12-23,Upcoming
"Creative Research Showcase",2023-10-23,Completed
"Public Speaking and Athletics Series",2026-04-22,Upcoming
"Inclusive Education and Nursing Care Conference",2026-09-29,Upcoming
"Teaching Excellence and Engineering Design Expo",2023-11-16,Completed
"Campus Journalism Congress",2024-07-25,Completed
"Sustainability and Academic Excellence Training",2023-10-31,Completed
"Language and Literature Fair",2026-04-30,Upcoming
"Campus Debate Expo",2023-09-11,Completed
"Future-Ready Innovation Expo",2025-01-07,Completed
"Entrepreneurship Showcase",2026-09-15,Upcoming
"Business Management Assembly",2025-09-01,Completed
"Industry-Academe Media Production Symposium",2023-09-07,Completed
"Hospitality Camp",2024-06-24,Completed
"Disaster Preparedness and Campus Journalism Expo",2024-02-25,Completed
"Young Leaders Psychology Orientation",2025-10-24,Completed
"Athletics and Career Development Dialogue",2023-08-19,Completed
"Public Speaking and Nursing Care Bootcamp",2025-02-03,Completed
"Teacher Training and Sustainability Conference",2026-06-05,Upcoming
"Wellness Seminar",2026-06-09,Upcoming
"Public Speaking Orientation",2024-01-30,Completed
"Student Government and Arts and Culture Forum",2026-08-06,Upcoming
"Wellness Workshop",2025-12-18,Completed
"Cybersecurity Dialogue",2024-01-20,Completed
"Community Outreach Showcase",2024-11-09,Completed
"Robotics Summit",2023-11-21,Completed
"Digital Literacy and Inclusive Education Orientation",2026-04-10,Completed
"Applied Mental Health Assembly",2025-03-05,Completed
"Psychology and Business Management Orientation",2025-01-03,Completed
